loan_id,application_date,loan_type,amount,interest_rate,term_months,credit_score,province,customer_age,income,employment_status,defaulted,days_past_due
L000000,2022-01-01,Small Business,466398.55,6.8,240,682,MB,34,194384.65,Full-time,0,0
L000001,2022-01-02,Credit Card,284740.93,2.93,240,608,QC,54,127103.86,Self-employed,0,0
L000002,2022-01-03,Auto,349842.16,2.93,24,731,NS,29,176783.37,Full-time,0,0
L000003,2022-01-04,Credit Card,461637.19,2.57,24,613,MB,23,53706.54,Self-employed,0,0
L000004,2022-01-05,Credit Card,355083.12,8.24,240,809,ON,39,126765.1,Part-time,0,0
L000005,2022-01-06,Mortgage,80506.83,6.93,60,742,AB,49,177556.54,Part-time,1,0
L000006,2022-01-07,Auto,290262.74,4.62,60,692,SK,58,129127.98,Part-time,0,0
L000007,2022-01-08,Auto,305323.95,4.28,36,653,MB,37,152062.41,Retired,0,0
L000008,2022-01-09,Auto,214944.68,4.6,120,763,NS,18,93247.41,Full-time,0,0
L000009,2022-01-10,Credit Card,369539.9,7.15,36,791,BC,71,45716.42,Retired,0,0
L000010,2022-01-11,Small Business,467511.67,6.47,120,758,QC,64,107843.05,Self-employed,0,0
L000011,2022-01-12,Auto,463156.41,3.61,24,642,NS,70,97061.5,Full-time,0,0
L000012,2022-01-13,Credit Card,228165.49,3.54,12,691,MB,23,177400.23,Part-time,0,30
L000013,2022-01-14,Mortgage,61052.83,3.09,36,661,QC,36,71479.2,Full-time,0,0
L000014,2022-01-15,Small Business,492496.39,6.46,36,608,SK,35,194344.82,Part-time,0,0
L000015,2022-01-16,Mortgage,420254.55,7.09,120,592,BC,23,192883.48,Retired,0,0
L000016,2022-01-17,Small Business,66708.03,4.09,24,756,AB,62,72097.38,Retired,0,0
L000017,2022-01-18,Credit Card,460816.73,2.63,24,817,NS,50,89168.83,Part-time,1,0
L000018,2022-01-19,Personal,435598.7,2.99,120,845,AB,40,182244.48,Part-time,0,120
L000019,2022-01-20,Small Business,261824.84,8.31,24,667,BC,40,194325.78,Self-employed,0,0
L000020,2022-01-21,Mortgage,297681.34,4.27,240,569,QC,43,105384.65,Retired,0,0
L000021,2022-01-22,Credit Card,202506.34,7.12,60,771,SK,30,84569.5,Retired,0,0
L000022,2022-01-23,Small Business,32107.01,6.25,240,715,MB,24,119435.98,Self-employed,0,0
L000023,2022-01-24,Personal,170922.63,4.79,12,680,BC,32,146920.77,Retired,0,30
L000024,2022-01-25,Personal,402412.46,3.73,36,705,ON,61,76490.67,Part-time,1,0
L000025,2022-01-26,Auto,7292.85,3.23,12,733,QC,44,155200.44,Full-time,0,0
L000026,2022-01-27,Auto,170082.09,6.19,36,639,AB,43,38781.75,Full-time,0,0
L000027,2022-01-28,Mortgage,202093.5,7.15,60,643,NS,50,38380.06,Retired,0,0
L000028,2022-01-29,Small Business,271010.82,6.36,24,562,BC,32,95668.91,Self-employed,0,0
L000029,2022-01-30,Small Business,460328.53,5.68,240,842,AB,53,90090.44,Part-time,0,0
L000030,2022-01-31,Auto,176441.27,2.75,120,779,QC,62,83657.65,Full-time,0,0
L000031,2022-02-01,Small Business,176741.83,8.31,240,841,AB,72,113473.36,Part-time,0,0
L000032,2022-02-02,Small Business,370063.12,7.29,60,575,BC,44,84524.71,Retired,0,0
L000033,2022-02-03,Personal,228847.88,4.26,12,624,QC,74,62683.85,Retired,1,0
L000034,2022-02-04,Auto,116179.39,8.38,120,848,ON,22,82609.82,Full-time,0,0
L000035,2022-02-05,Credit Card,228957.56,6.11,24,699,BC,19,195733.73,Retired,0,0
L000036,2022-02-06,Auto,74724.23,5.99,60,697,MB,72,99889.28,Self-employed,0,0
L000037,2022-02-07,Credit Card,92311.56,6.99,120,557,NB,50,105601.17,Retired,0,60
L000038,2022-02-08,Personal,251692.05,7.37,60,578,SK,33,128012.65,Retired,0,0
L000039,2022-02-09,Mortgage,212368.1,6.44,60,845,BC,40,197167.93,Retired,0,30
L000040,2022-02-10,Small Business,457848.72,3.27,24,758,QC,55,71072.22,Part-time,0,30
L000041,2022-02-11,Personal,184384.98,4.53,36,677,NS,72,145817.96,Part-time,0,0
L000042,2022-02-12,Small Business,292391.23,8.07,120,665,SK,33,151717.4,Full-time,0,0
L000043,2022-02-13,Mortgage,317970.82,3.85,24,693,BC,31,133245.15,Full-time,0,0
L000044,2022-02-14,Mortgage,11481.76,4.73,60,784,ON,46,45058.32,Full-time,0,0
L000045,2022-02-15,Personal,333451.0,5.09,24,556,NS,43,145068.29,Retired,0,0
L000046,2022-02-16,Mortgage,93127.8,5.14,36,594,ON,52,40896.1,Part-time,0,0
L000047,2022-02-17,Credit Card,480729.81,6.18,240,788,MB,32,131344.25,Self-employed,0,0
L000048,2022-02-18,Mortgage,78588.05,8.16,120,704,NS,20,155728.8,Retired,0,0
L000049,2022-02-19,Small Business,210238.94,3.94,36,730,AB,40,65864.88,Retired,0,0
L000050,2022-02-20,Small Business,47248.09,3.23,12,764,NB,46,173075.74,Retired,0,0
L000051,2022-02-21,Small Business,498452.75,3.68,120,637,NS,51,35160.15,Self-employed,0,0
L000052,2022-02-22,Small Business,253586.53,7.82,36,805,SK,50,173448.19,Full-time,0,0
L000053,2022-02-23,Credit Card,299715.58,6.37,60,622,NS,58,108255.94,Self-employed,0,0
L000054,2022-02-24,Auto,38202.86,4.22,120,728,QC,58,66989.95,Full-time,0,0
L000055,2022-02-25,Personal,376230.43,7.4,120,761,NB,40,52742.28,Self-employed,0,30
L000056,2022-02-26,Small Business,108903.27,7.67,24,842,QC,24,192062.22,Part-time,0,0
L000057,2022-02-27,Mortgage,449536.87,7.58,60,783,AB,20,42353.15,Retired,0,0
L000058,2022-02-28,Small Business,106544.12,8.01,12,788,NS,49,63845.88,Retired,0,0
L000059,2022-03-01,Mortgage,99390.42,4.01,240,772,ON,48,89129.8,Retired,1,0
L000060,2022-03-02,Mortgage,23092.09,7.03,36,668,ON,35,135439.92,Full-time,0,0
L000061,2022-03-03,Small Business,238673.14,5.26,24,813,BC,60,122616.18,Self-employed,0,60
L000062,2022-03-04,Credit Card,284596.36,7.55,36,756,MB,24,51359.39,Part-time,0,0
L000063,2022-03-05,Mortgage,37525.78,6.87,12,644,SK,58,79253.76,Self-employed,0,60
L000064,2022-03-06,Mortgage,388886.17,7.16,12,771,NB,18,70587.8,Retired,0,0
L000065,2022-03-07,Small Business,229377.97,6.44,120,825,MB,31,66302.29,Part-time,0,0
L000066,2022-03-08,Mortgage,264573.18,3.56,12,780,NS,69,99894.54,Part-time,0,0
L000067,2022-03-09,Mortgage,223177.56,5.77,36,668,MB,49,149685.35,Retired,0,30
L000068,2022-03-10,Small Business,203377.72,8.41,60,817,BC,23,66967.0,Self-employed,0,0
L000069,2022-03-11,Small Business,282021.96,8.12,60,822,MB,56,92335.41,Retired,0,0
L000070,2022-03-12,Personal,81843.92,2.76,120,613,NB,27,96455.96,Self-employed,0,0
L000071,2022-03-13,Credit Card,95054.42,3.49,240,847,AB,24,195997.61,Part-time,0,0
L000072,2022-03-14,Credit Card,431583.88,3.29,36,560,BC,43,192293.28,Part-time,1,0
L000073,2022-03-15,Mortgage,473327.15,6.86,36,647,AB,51,166023.39,Retired,0,30
L000074,2022-03-16,Credit Card,189788.11,7.41,12,620,NS,47,71082.02,Part-time,0,0
L000075,2022-03-17,Mortgage,139018.61,3.78,36,607,BC,53,41566.34,Full-time,1,0
L000076,2022-03-18,Personal,323779.77,5.54,24,839,NS,38,83873.7,Part-time,0,0
L000077,2022-03-19,Small Business,207323.41,7.54,240,800,NS,34,75355.07,Full-time,0,0
L000078,2022-03-20,Small Business,17566.25,6.9,12,825,MB,50,116007.39,Part-time,0,0
L000079,2022-03-21,Small Business,82295.54,5.75,24,599,AB,27,162213.74,Retired,0,0
L000080,2022-03-22,Credit Card,359406.25,6.04,120,765,NS,68,175914.9,Retired,0,0
L000081,2022-03-23,Personal,331167.35,5.55,60,601,AB,64,173626.89,Full-time,0,0
L000082,2022-03-24,Credit Card,18412.52,4.29,120,820,AB,59,91144.85,Retired,0,30
L000083,2022-03-25,Credit Card,114876.22,5.89,60,633,BC,68,146829.84,Part-time,0,90
L000084,2022-03-26,Personal,119382.02,6.63,120,842,QC,29,83181.81,Part-time,0,0
L000085,2022-03-27,Personal,337586.91,7.74,36,675,MB,73,40353.94,Retired,0,0
L000086,2022-03-28,Personal,14756.72,6.32,24,845,NS,33,149266.1,Part-time,0,30
L000087,2022-03-29,Personal,56533.75,7.07,60,621,AB,58,31670.68,Self-employed,0,0
L000088,2022-03-30,Small Business,400958.46,3.46,12,845,SK,49,99561.04,Self-employed,0,0
L000089,2022-03-31,Auto,93379.61,5.27,24,785,QC,32,85994.48,Part-time,0,30
L000090,2022-04-01,Auto,328109.32,2.56,12,605,NS,44,147874.18,Retired,0,0
L000091,2022-04-02,Personal,122900.48,3.98,24,659,SK,45,160261.73,Full-time,0,0
L000092,2022-04-03,Auto,54223.49,6.86,24,741,MB,34,81696.09,Retired,0,0
L000093,2022-04-04,Auto,125370.23,8.45,120,642,MB,63,167976.59,Full-time,0,0
L000094,2022-04-05,Personal,362522.13,3.1,60,605,AB,67,79965.85,Retired,0,0
L000095,2022-04-06,Auto,428569.75,4.91,60,609,AB,19,105875.48,Part-time,1,0
L000096,2022-04-07,Credit Card,415958.83,7.3,24,687,NB,53,153593.15,Self-employed,0,0
L000097,2022-04-08,Mortgage,201605.85,3.72,36,588,NB,67,147796.44,Retired,0,0
L000098,2022-04-09,Mortgage,335702.14,5.83,36,577,NS,24,197852.64,Full-time,0,0
L000099,2022-04-10,Personal,106467.23,6.9,12,598,BC,30,68277.37,Self-employed,0,0
L000100,2022-04-11,Small Business,150108.13,6.2,12,674,QC,32,142594.05,Full-time,0,0
L000101,2022-04-12,Personal,448686.23,3.63,120,562,NS,42,133645.92,Part-time,0,0
L000102,2022-04-13,Small Business,11435.95,4.63,24,585,QC,40,185566.74,Self-employed,0,0
L000103,2022-04-14,Mortgage,47326.72,7.2,12,650,AB,39,56581.56,Full-time,1,0
L000104,2022-04-15,Personal,107903.7,5.83,12,831,MB,43,157805.69,Retired,0,0
L000105,2022-04-16,Credit Card,18133.44,2.53,240,635,AB,50,126605.66,Part-time,0,0
L000106,2022-04-17,Auto,94810.54,7.07,24,553,MB,28,76693.2,Part-time,0,0
L000107,2022-04-18,Small Business,293605.57,2.71,120,772,NB,27,110653.94,Part-time,0,0
L000108,2022-04-19,Auto,213605.15,6.97,12,715,NS,42,86742.02,Retired,0,0
L000109,2022-04-20,Auto,446872.5,3.71,120,827,NB,54,128483.28,Retired,1,0
L000110,2022-04-21,Personal,409634.56,8.25,60,679,MB,65,181130.1,Self-employed,0,0
L000111,2022-04-22,Auto,174199.59,4.71,120,580,AB,60,126781.85,Retired,0,30
L000112,2022-04-23,Credit Card,133414.6,4.46,36,560,NB,70,137392.81,Self-employed,0,0
L000113,2022-04-24,Auto,192947.74,3.39,36,645,ON,55,118187.13,Part-time,0,0
L000114,2022-04-25,Personal,297196.0,4.33,120,739,QC,58,38698.14,Self-employed,0,0
L000115,2022-04-26,Credit Card,137691.5,7.76,36,741,SK,62,69585.95,Full-time,0,0
L000116,2022-04-27,Mortgage,313953.71,8.48,60,815,MB,41,113640.29,Part-time,0,30
L000117,2022-04-28,Auto,207658.77,4.71,24,677,MB,57,82740.0,Part-time,0,0
L000118,2022-04-29,Personal,278263.35,5.19,36,787,ON,63,60899.81,Self-employed,0,0
L000119,2022-04-30,Mortgage,220882.63,6.83,36,661,NS,73,115702.58,Part-time,0,0
L000120,2022-05-01,Mortgage,150760.55,7.82,120,694,NS,50,84877.66,Retired,0,0
L000121,2022-05-02,Small Business,474484.39,6.06,60,614,NS,34,73878.3,Full-time,0,0
L000122,2022-05-03,Credit Card,382984.87,4.85,24,796,SK,41,108877.52,Self-employed,0,0
L000123,2022-05-04,Auto,74356.02,4.98,120,772,BC,54,52658.32,Self-employed,0,0
L000124,2022-05-05,Personal,434891.65,6.67,120,655,ON,74,187716.77,Part-time,0,0
L000125,2022-05-06,Small Business,246278.44,2.52,240,730,SK,19,177509.36,Retired,0,0
L000126,2022-05-07,Credit Card,447803.35,6.22,60,733,NB,49,150295.5,Part-time,0,0
L000127,2022-05-08,Small Business,400928.35,4.63,24,775,ON,74,48056.35,Part-time,0,0
L000128,2022-05-09,Credit Card,215480.68,7.27,60,814,MB,41,161899.13,Self-employed,0,0
L000129,2022-05-10,Credit Card,16122.31,3.06,24,827,QC,26,167352.75,Part-time,0,0
L000130,2022-05-11,Auto,137995.29,6.03,60,638,ON,21,160519.99,Full-time,0,0
L000131,2022-05-12,Credit Card,273108.94,5.39,120,725,BC,34,49374.2,Part-time,0,0
L000132,2022-05-13,Small Business,318571.72,6.35,120,567,AB,34,139464.35,Part-time,0,30
L000133,2022-05-14,Credit Card,132654.4,2.89,12,655,NB,70,171835.22,Self-employed,0,0
L000134,2022-05-15,Auto,73981.26,5.98,36,820,SK,67,128150.08,Part-time,0,0
L000135,2022-05-16,Auto,418290.47,5.87,240,716,NB,65,139889.25,Retired,1,0
L000136,2022-05-17,Small Business,492279.08,5.86,60,562,NB,47,107921.79,Self-employed,0,0
L000137,2022-05-18,Mortgage,265216.64,6.12,240,581,ON,57,119880.24,Part-time,0,0
L000138,2022-05-19,Mortgage,89981.25,6.56,12,589,ON,28,35844.07,Full-time,0,0
L000139,2022-05-20,Credit Card,139792.13,7.33,36,697,BC,38,138623.71,Full-time,0,0
L000140,2022-05-21,Personal,14103.38,4.12,60,767,QC,38,43846.03,Self-employed,0,0
L000141,2022-05-22,Credit Card,457577.91,7.45,24,768,ON,35,103952.48,Self-employed,0,0
L000142,2022-05-23,Small Business,63286.79,5.49,36,631,ON,72,79751.37,Part-time,0,0
L000143,2022-05-24,Small Business,290375.66,2.96,120,757,QC,46,122722.75,Retired,0,0
L000144,2022-05-25,Small Business,140657.33,2.85,12,750,BC,41,52680.78,Part-time,0,0
L000145,2022-05-26,Small Business,279318.11,4.51,36,587,SK,27,147579.38,Full-time,0,0
L000146,2022-05-27,Small Business,327453.09,7.21,36,760,NB,62,165151.96,Retired,0,0
L000147,2022-05-28,Auto,415722.19,6.75,120,798,SK,34,57770.26,Retired,0,0
L000148,2022-05-29,Mortgage,107178.53,7.23,60,776,ON,35,47733.22,Retired,0,0
L000149,2022-05-30,Small Business,10442.94,5.6,24,597,QC,59,54737.63,Part-time,0,0
L000150,2022-05-31,Personal,72758.39,5.14,120,567,ON,65,179111.69,Full-time,0,30
L000151,2022-06-01,Personal,450509.23,3.38,24,844,NS,37,119792.17,Self-employed,0,0
L000152,2022-06-02,Personal,437575.59,4.47,60,745,AB,54,109434.37,Part-time,0,90
L000153,2022-06-03,Personal,300719.49,5.1,36,736,SK,62,48141.01,Self-employed,0,90
L000154,2022-06-04,Auto,302255.85,3.03,24,773,NS,35,140424.52,Retired,0,0
L000155,2022-06-05,Personal,334193.15,3.82,12,778,MB,34,177559.93,Retired,0,0
L000156,2022-06-06,Small Business,91808.78,6.09,12,626,AB,26,170791.6,Part-time,0,0
L000157,2022-06-07,Credit Card,457633.91,6.91,120,737,ON,31,136429.3,Full-time,1,0
L000158,2022-06-08,Personal,212291.41,8.49,60,819,BC,66,42797.38,Retired,0,0
L000159,2022-06-09,Auto,194653.57,8.1,120,644,SK,46,49107.49,Self-employed,0,0
L000160,2022-06-10,Auto,261864.26,6.36,120,681,MB,48,38382.53,Self-employed,0,0
L000161,2022-06-11,Personal,28248.15,5.03,240,588,AB,21,73771.47,Part-time,0,30
L000162,2022-06-12,Credit Card,87310.27,6.32,120,621,SK,35,53062.45,Self-employed,0,0
L000163,2022-06-13,Personal,370326.64,7.21,240,830,QC,37,74208.17,Full-time,0,0
L000164,2022-06-14,Auto,45985.34,3.21,12,709,BC,73,95459.87,Retired,0,0
L000165,2022-06-15,Mortgage,303560.29,4.96,12,736,AB,73,190307.07,Self-employed,1,60
L000166,2022-06-16,Small Business,126447.81,7.54,120,740,QC,64,133763.93,Self-employed,0,0
L000167,2022-06-17,Auto,197701.33,4.8,12,669,NS,60,171945.54,Retired,0,0
L000168,2022-06-18,Personal,147903.4,5.93,60,769,ON,61,150759.76,Part-time,0,0
L000169,2022-06-19,Small Business,181057.99,6.03,240,602,QC,26,49125.53,Self-employed,0,0
L000170,2022-06-20,Personal,360927.72,3.61,240,771,AB,30,155106.47,Part-time,0,0
L000171,2022-06-21,Personal,152075.25,4.67,120,680,NB,32,76766.81,Part-time,0,0
L000172,2022-06-22,Mortgage,285370.3,4.51,12,786,AB,44,138648.33,Self-employed,0,0
L000173,2022-06-23,Small Business,240644.95,2.66,24,795,NB,32,87963.54,Full-time,0,0
L000174,2022-06-24,Small Business,333517.23,2.65,240,775,NS,45,199604.28,Part-time,0,0
L000175,2022-06-25,Mortgage,468730.72,7.49,120,757,ON,54,74803.75,Self-employed,0,60
L000176,2022-06-26,Auto,367623.19,4.14,120,645,NB,72,77452.18,Part-time,0,0
L000177,2022-06-27,Personal,111395.49,5.61,60,749,NB,36,188214.28,Retired,0,60
L000178,2022-06-28,Credit Card,20435.65,4.29,36,796,QC,43,34189.55,Full-time,0,0
L000179,2022-06-29,Personal,134820.7,8.14,36,621,QC,69,148437.13,Full-time,0,0
L000180,2022-06-30,Personal,299563.58,4.06,240,734,ON,43,153305.49,Retired,0,0
L000181,2022-07-01,Auto,30455.78,5.08,60,555,QC,42,172184.36,Retired,0,0
L000182,2022-07-02,Personal,250701.29,7.74,60,755,SK,43,195654.68,Part-time,0,0
L000183,2022-07-03,Mortgage,300437.21,7.55,60,581,ON,43,195852.33,Retired,0,0
L000184,2022-07-04,Mortgage,170450.73,3.62,240,648,BC,63,41097.05,Full-time,0,0
L000185,2022-07-05,Small Business,386601.54,7.32,36,805,NB,45,169712.68,Retired,0,0
L000186,2022-07-06,Credit Card,57766.14,5.25,60,736,AB,66,139872.69,Self-employed,0,0
L000187,2022-07-07,Personal,42193.2,5.4,12,625,BC,35,140048.16,Self-employed,0,0
L000188,2022-07-08,Personal,365453.43,3.3,120,726,NB,49,51819.49,Part-time,0,0
L000189,2022-07-09,Auto,250268.2,2.98,120,836,SK,70,140531.82,Full-time,0,0
L000190,2022-07-10,Mortgage,345759.19,6.87,24,804,NB,20,197022.04,Self-employed,0,0
L000191,2022-07-11,Credit Card,220239.53,5.48,24,739,NB,19,185009.16,Retired,0,0
L000192,2022-07-12,Small Business,126969.01,5.12,240,676,NB,50,104652.21,Self-employed,0,0
L000193,2022-07-13,Mortgage,410455.65,6.88,240,836,NS,59,36791.16,Self-employed,0,0
L000194,2022-07-14,Small Business,400710.86,7.09,120,803,SK,36,91589.89,Part-time,0,0
L000195,2022-07-15,Auto,348874.75,3.45,12,762,MB,34,170486.35,Retired,0,0
L000196,2022-07-16,Auto,139711.84,6.16,36,799,MB,61,149254.85,Retired,0,0
L000197,2022-07-17,Personal,297164.18,3.31,36,633,MB,50,108088.42,Retired,0,0
L000198,2022-07-18,Credit Card,183682.08,7.01,240,562,ON,29,39367.26,Part-time,0,0
L000199,2022-07-19,Small Business,50333.13,6.44,12,594,QC,66,102572.1,Retired,0,60
L000200,2022-07-20,Mortgage,459070.22,8.24,240,676,SK,73,109734.24,Retired,0,0
L000201,2022-07-21,Auto,72725.22,2.91,36,663,BC,20,187854.44,Self-employed,0,0
L000202,2022-07-22,Personal,475367.49,2.84,240,825,NS,60,138984.64,Self-employed,0,30
L000203,2022-07-23,Personal,225772.86,4.19,60,754,BC,66,82981.0,Retired,0,30
L000204,2022-07-24,Small Business,96640.8,4.07,240,822,BC,72,119304.1,Full-time,0,0
L000205,2022-07-25,Auto,273240.97,3.98,120,607,BC,43,41229.4,Full-time,0,0
L000206,2022-07-26,Credit Card,437108.19,7.94,240,768,NS,52,195336.6,Retired,0,90
L000207,2022-07-27,Auto,367451.32,4.0,120,658,MB,25,91210.18,Full-time,0,0
L000208,2022-07-28,Small Business,404247.77,4.13,12,828,BC,69,111237.45,Part-time,0,30
L000209,2022-07-29,Small Business,331097.77,7.06,36,723,NS,53,90398.28,Self-employed,0,0
L000210,2022-07-30,Auto,347676.9,5.2,24,813,NS,70,146026.99,Part-time,0,0
L000211,2022-07-31,Small Business,425351.85,7.16,24,660,QC,71,142579.47,Self-employed,0,0
L000212,2022-08-01,Auto,128585.66,2.89,36,736,NS,24,151604.79,Full-time,0,0
L000213,2022-08-02,Mortgage,247265.36,5.43,24,818,MB,63,75584.35,Full-time,0,0
L000214,2022-08-03,Auto,114498.67,2.7,240,778,BC,63,83663.64,Retired,0,90
L000215,2022-08-04,Auto,493895.66,2.88,12,705,NS,53,51292.71,Full-time,1,0
L000216,2022-08-05,Small Business,472309.37,7.94,12,738,ON,33,141436.7,Full-time,0,0
L000217,2022-08-06,Small Business,24516.27,3.34,36,821,NS,41,36765.51,Retired,0,0
L000218,2022-08-07,Personal,354259.71,5.69,24,551,AB,71,131606.0,Retired,0,0
L000219,2022-08-08,Personal,462997.92,4.97,240,795,AB,18,177848.3,Self-employed,0,0
L000220,2022-08-09,Mortgage,94384.8,4.58,12,759,AB,66,181441.47,Full-time,0,0
L000221,2022-08-10,Personal,286132.89,7.9,12,835,NS,42,106336.42,Self-employed,0,0
L000222,2022-08-11,Auto,458166.71,2.63,60,562,MB,27,108081.63,Self-employed,0,0
L000223,2022-08-12,Small Business,21803.26,6.48,60,645,BC,71,43084.76,Part-time,0,0
L000224,2022-08-13,Personal,350223.03,8.28,12,770,SK,33,144030.05,Full-time,0,0
L000225,2022-08-14,Personal,152187.76,5.86,36,787,SK,33,169614.1,Full-time,0,90
L000226,2022-08-15,Mortgage,462576.12,8.12,120,643,SK,25,71591.36,Part-time,0,0
L000227,2022-08-16,Mortgage,485673.83,2.81,120,818,MB,46,101621.15,Self-employed,0,0
L000228,2022-08-17,Auto,472411.91,5.01,240,720,QC,56,172602.69,Full-time,0,0
L000229,2022-08-18,Small Business,239736.04,4.06,12,643,NB,45,179110.48,Self-employed,0,0
L000230,2022-08-19,Mortgage,431711.11,6.88,12,698,ON,23,71340.6,Part-time,0,0
L000231,2022-08-20,Personal,423051.95,8.39,12,661,ON,33,123597.01,Retired,0,0
L000232,2022-08-21,Small Business,162954.73,4.04,36,604,AB,37,62723.84,Self-employed,0,0
L000233,2022-08-22,Small Business,415313.16,6.43,60,665,AB,33,47319.39,Full-time,0,0
L000234,2022-08-23,Personal,23318.78,3.69,12,692,NS,24,184890.49,Retired,0,0
L000235,2022-08-24,Mortgage,300153.59,5.89,12,750,SK,58,169486.28,Self-employed,0,0
L000236,2022-08-25,Personal,118854.37,5.28,24,729,NS,31,159205.93,Self-employed,0,0
L000237,2022-08-26,Small Business,64680.61,8.33,36,751,NB,60,38290.27,Retired,0,0
L000238,2022-08-27,Credit Card,43091.83,6.15,240,602,SK,43,173433.89,Retired,0,0
L000239,2022-08-28,Credit Card,349662.94,4.6,12,729,AB,43,104467.49,Retired,0,0
L000240,2022-08-29,Auto,173238.11,3.18,24,686,BC,31,88207.17,Full-time,0,60
L000241,2022-08-30,Personal,363759.55,3.41,120,731,QC,24,122900.98,Full-time,0,30
L000242,2022-08-31,Personal,37351.39,3.85,240,550,NS,50,45530.05,Self-employed,1,0
L000243,2022-09-01,Auto,161068.72,4.01,12,593,QC,43,158629.91,Self-employed,0,0
L000244,2022-09-02,Auto,272048.19,7.6,12,776,QC,74,129013.96,Part-time,0,0
L000245,2022-09-03,Auto,396407.97,5.87,24,647,QC,62,61720.32,Full-time,0,90
L000246,2022-09-04,Small Business,162782.49,5.64,36,757,AB,37,61999.47,Self-employed,0,0
L000247,2022-09-05,Personal,314816.23,3.19,12,814,ON,20,61322.27,Retired,0,0
L000248,2022-09-06,Small Business,443558.99,7.66,120,837,AB,69,39690.41,Retired,0,0
L000249,2022-09-07,Auto,309852.28,6.84,12,820,QC,21,129925.74,Full-time,0,0
L000250,2022-09-08,Personal,120314.94,2.91,120,689,AB,43,172859.19,Retired,0,60
L000251,2022-09-09,Small Business,17078.39,6.75,240,786,QC,28,32974.7,Part-time,0,0
L000252,2022-09-10,Small Business,435698.94,5.76,240,621,MB,19,38330.79,Self-employed,0,0
L000253,2022-09-11,Auto,15528.36,2.99,60,704,SK,31,127370.95,Self-employed,1,0
L000254,2022-09-12,Personal,437977.33,5.25,60,739,ON,61,169314.27,Self-employed,0,0
L000255,2022-09-13,Auto,266823.88,5.41,120,817,MB,47,85545.61,Full-time,0,0
L000256,2022-09-14,Personal,469838.51,3.49,36,656,BC,66,89434.45,Retired,0,0
L000257,2022-09-15,Credit Card,400397.7,8.17,12,781,AB,29,131378.9,Part-time,0,60
L000258,2022-09-16,Mortgage,498977.38,7.6,12,591,BC,43,76616.19,Full-time,0,0
L000259,2022-09-17,Mortgage,178602.35,6.51,60,739,NS,61,34523.42,Self-employed,0,0
L000260,2022-09-18,Mortgage,384758.2,5.27,120,688,AB,50,154988.85,Part-time,0,30
L000261,2022-09-19,Auto,203955.8,4.97,12,652,NB,30,136360.49,Self-employed,0,0
L000262,2022-09-20,Credit Card,242538.43,6.41,12,720,NB,31,128728.52,Self-employed,0,0
L000263,2022-09-21,Personal,315615.2,5.77,36,822,SK,41,156086.3,Full-time,0,0
L000264,2022-09-22,Small Business,437470.17,2.87,24,770,MB,51,144789.24,Self-employed,0,0
L000265,2022-09-23,Personal,492121.32,5.58,60,762,SK,61,64999.94,Part-time,0,0
L000266,2022-09-24,Small Business,385295.34,7.34,60,605,NS,43,89921.78,Self-employed,0,60
L000267,2022-09-25,Personal,211794.56,5.26,24,651,QC,38,51438.72,Retired,0,0
L000268,2022-09-26,Credit Card,213571.72,2.81,12,741,SK,45,52075.69,Self-employed,0,0
L000269,2022-09-27,Small Business,370103.24,7.22,36,749,SK,65,144953.28,Full-time,0,0
L000270,2022-09-28,Auto,123194.69,3.71,36,782,NB,53,175962.02,Part-time,0,0
L000271,2022-09-29,Personal,59684.69,4.05,60,776,QC,57,193664.54,Full-time,0,0
L000272,2022-09-30,Personal,180537.97,3.49,36,688,NB,19,136819.01,Retired,0,0
L000273,2022-10-01,Small Business,147183.3,4.48,240,698,AB,59,61297.22,Self-employed,0,60
L000274,2022-10-02,Auto,151672.52,7.04,24,664,QC,26,47960.56,Full-time,0,0
L000275,2022-10-03,Auto,120635.84,5.62,12,612,MB,40,168184.67,Full-time,0,0
L000276,2022-10-04,Credit Card,25836.13,3.73,240,653,SK,32,128388.6,Full-time,0,0
L000277,2022-10-05,Auto,13847.6,7.77,24,705,NB,30,135108.45,Full-time,0,0
L000278,2022-10-06,Auto,493922.58,7.78,120,822,QC,40,162848.56,Retired,0,0
L000279,2022-10-07,Auto,216747.7,7.72,60,555,NS,34,149557.13,Retired,0,0
L000280,2022-10-08,Mortgage,195241.69,3.93,36,696,NS,65,171857.9,Self-employed,0,0
L000281,2022-10-09,Credit Card,341425.4,5.21,120,733,SK,19,39556.36,Self-employed,0,0
L000282,2022-10-10,Personal,113035.67,8.41,36,577,MB,37,157078.51,Part-time,0,0
L000283,2022-10-11,Small Business,475230.79,7.13,240,587,BC,37,174644.97,Retired,0,0
L000284,2022-10-12,Personal,394240.78,2.66,12,668,NB,63,78642.96,Full-time,0,0
L000285,2022-10-13,Credit Card,49258.45,2.89,12,842,MB,20,138876.04,Full-time,0,0
L000286,2022-10-14,Small Business,211702.48,5.28,12,793,ON,72,83407.55,Part-time,0,0
L000287,2022-10-15,Credit Card,440163.56,7.96,36,617,ON,29,192855.08,Full-time,0,0
L000288,2022-10-16,Auto,472642.35,5.73,120,763,ON,57,35682.01,Part-time,0,0
L000289,2022-10-17,Small Business,236363.75,5.49,12,767,SK,19,128564.78,Self-employed,0,0
L000290,2022-10-18,Auto,308638.64,3.13,120,726,NS,53,58305.6,Retired,0,0
L000291,2022-10-19,Personal,87681.8,6.44,36,848,AB,31,151077.43,Part-time,0,0
L000292,2022-10-20,Personal,495628.47,7.43,240,713,NB,33,59901.35,Full-time,0,0
L000293,2022-10-21,Small Business,119677.49,4.78,120,607,NS,36,70015.15,Part-time,0,0
L000294,2022-10-22,Small Business,471652.23,7.15,240,818,AB,51,114043.04,Self-employed,0,0
L000295,2022-10-23,Credit Card,326575.09,8.29,36,607,AB,61,185521.94,Full-time,0,0
L000296,2022-10-24,Credit Card,305829.71,3.72,36,837,NS,63,65991.44,Self-employed,0,120
L000297,2022-10-25,Auto,258780.81,5.64,60,654,NB,23,54520.8,Self-employed,0,0
L000298,2022-10-26,Small Business,119181.56,4.22,36,777,SK,30,159026.06,Part-time,0,0
L000299,2022-10-27,Personal,92381.38,7.26,36,796,MB,53,115105.32,Self-employed,0,0
L000300,2022-10-28,Credit Card,114140.67,5.97,24,737,AB,39,185003.47,Full-time,0,60
L000301,2022-10-29,Credit Card,97286.94,6.31,12,632,BC,35,54924.47,Self-employed,0,0
L000302,2022-10-30,Personal,390894.31,7.29,60,735,NS,29,139807.74,Self-employed,0,0
L000303,2022-10-31,Credit Card,178312.0,4.88,60,801,NS,69,69589.45,Part-time,0,30
L000304,2022-11-01,Auto,33632.12,7.99,60,787,ON,71,56649.27,Self-employed,0,0
L000305,2022-11-02,Small Business,484705.8,5.7,24,733,MB,47,146183.0,Retired,0,0
L000306,2022-11-03,Personal,442474.01,3.45,240,833,ON,70,130926.39,Part-time,0,0
L000307,2022-11-04,Small Business,464237.38,6.68,36,759,NS,68,158320.67,Part-time,0,0
L000308,2022-11-05,Credit Card,497479.37,7.26,12,845,NS,57,82608.64,Full-time,0,0
L000309,2022-11-06,Credit Card,91078.15,4.4,120,646,AB,24,106155.18,Full-time,0,0
L000310,2022-11-07,Personal,201139.8,7.64,240,757,MB,49,98930.18,Full-time,0,0
L000311,2022-11-08,Auto,380328.05,7.94,36,686,QC,65,197295.21,Full-time,1,0
L000312,2022-11-09,Mortgage,349530.21,4.16,24,733,BC,36,79682.32,Retired,1,0
L000313,2022-11-10,Personal,81178.47,8.4,36,625,NB,23,80118.93,Part-time,0,0
L000314,2022-11-11,Mortgage,408837.4,3.34,36,836,AB,37,90273.2,Self-employed,0,0
L000315,2022-11-12,Mortgage,116098.08,3.71,24,691,NS,44,125980.99,Full-time,0,60
L000316,2022-11-13,Auto,115789.72,3.61,60,786,NB,70,72894.87,Full-time,0,0
L000317,2022-11-14,Mortgage,270802.34,7.86,60,574,AB,60,185599.29,Full-time,1,0
L000318,2022-11-15,Mortgage,298505.27,6.43,12,839,BC,54,75166.55,Self-employed,0,0
L000319,2022-11-16,Auto,292142.67,3.41,12,616,NS,65,182288.67,Full-time,0,0
L000320,2022-11-17,Mortgage,50285.98,5.14,60,799,BC,24,47590.76,Self-employed,0,0
L000321,2022-11-18,Mortgage,439343.13,6.19,240,667,NB,22,141615.66,Part-time,0,0
L000322,2022-11-19,Mortgage,136472.02,3.0,120,622,QC,28,184187.54,Part-time,0,0
L000323,2022-11-20,Personal,69109.89,7.79,36,831,AB,32,58687.4,Part-time,0,0
L000324,2022-11-21,Personal,444930.3,7.32,120,559,SK,20,194615.58,Retired,0,0
L000325,2022-11-22,Personal,478047.49,5.53,36,760,AB,22,106990.17,Self-employed,0,0
L000326,2022-11-23,Auto,431753.17,8.3,60,701,ON,40,190771.57,Full-time,0,0
L000327,2022-11-24,Credit Card,405710.46,5.01,12,554,MB,70,145059.41,Full-time,0,0
L000328,2022-11-25,Mortgage,329344.78,8.4,240,744,MB,54,81269.77,Full-time,0,0
L000329,2022-11-26,Mortgage,277674.4,6.51,12,832,ON,26,62011.43,Full-time,0,0
L000330,2022-11-27,Auto,48058.45,6.31,120,662,NS,32,81634.96,Retired,0,0
L000331,2022-11-28,Mortgage,207184.34,3.5,12,820,MB,20,45812.96,Full-time,0,0
L000332,2022-11-29,Personal,189480.82,7.79,60,712,BC,46,54457.55,Retired,0,0
L000333,2022-11-30,Credit Card,133578.12,5.06,240,654,NB,23,47792.27,Self-employed,1,30
L000334,2022-12-01,Small Business,363092.96,3.47,120,730,NB,34,101900.4,Part-time,0,0
L000335,2022-12-02,Mortgage,250458.49,2.58,240,593,MB,43,165248.32,Full-time,0,0
L000336,2022-12-03,Personal,45117.88,5.86,36,831,MB,38,54035.2,Part-time,0,30
L000337,2022-12-04,Small Business,113990.68,5.66,12,724,ON,25,52154.47,Self-employed,0,0
L000338,2022-12-05,Credit Card,343213.09,6.82,240,711,NS,38,139382.92,Self-employed,1,0
L000339,2022-12-06,Small Business,42684.78,7.84,24,689,QC,74,63521.11,Full-time,0,0
L000340,2022-12-07,Personal,426347.42,2.98,12,681,MB,28,46593.71,Self-employed,0,0
L000341,2022-12-08,Small Business,250097.53,6.89,36,636,SK,55,58364.26,Part-time,1,0
L000342,2022-12-09,Auto,242890.36,3.62,240,725,MB,25,187034.34,Full-time,0,0
L000343,2022-12-10,Small Business,298241.85,7.65,120,732,QC,59,169650.11,Retired,0,0
L000344,2022-12-11,Mortgage,413217.08,7.41,36,678,ON,41,90190.98,Full-time,0,0
L000345,2022-12-12,Mortgage,177165.56,5.74,24,795,QC,52,141489.53,Part-time,0,0
L000346,2022-12-13,Auto,340618.0,6.76,240,638,ON,72,121336.86,Full-time,0,0
L000347,2022-12-14,Personal,285037.32,4.39,60,615,BC,31,145111.12,Full-time,0,0
L000348,2022-12-15,Mortgage,137178.99,5.33,12,707,ON,72,146054.1,Part-time,0,0
L000349,2022-12-16,Credit Card,439921.84,7.43,120,698,BC,31,136884.78,Full-time,0,0
L000350,2022-12-17,Mortgage,399725.88,5.26,60,665,BC,27,75237.23,Full-time,0,0
L000351,2022-12-18,Mortgage,330933.66,4.65,240,763,ON,29,36631.09,Part-time,0,0
L000352,2022-12-19,Personal,426037.96,5.47,240,843,SK,55,107446.35,Self-employed,0,0
L000353,2022-12-20,Small Business,434310.63,7.47,36,802,AB,61,181465.56,Part-time,0,0
L000354,2022-12-21,Mortgage,355639.67,4.51,240,692,ON,72,126814.53,Full-time,0,0
L000355,2022-12-22,Auto,419321.6,3.54,120,799,MB,63,171506.48,Retired,0,0
L000356,2022-12-23,Small Business,350248.37,6.77,60,574,SK,51,198576.14,Retired,0,0
L000357,2022-12-24,Credit Card,341669.68,7.46,120,826,SK,58,57814.75,Part-time,0,0
L000358,2022-12-25,Personal,311212.63,3.1,24,619,MB,27,147602.2,Retired,0,0
L000359,2022-12-26,Credit Card,377594.74,3.94,24,662,AB,34,144629.91,Full-time,0,0
L000360,2022-12-27,Small Business,83509.53,3.35,12,661,SK,34,196592.43,Full-time,0,0
L000361,2022-12-28,Small Business,441031.03,4.59,12,640,BC,20,197552.12,Part-time,0,30
L000362,2022-12-29,Small Business,436562.55,5.2,24,567,NB,48,146735.36,Full-time,0,0
L000363,2022-12-30,Credit Card,19477.41,6.99,240,698,AB,68,71414.51,Self-employed,0,30
L000364,2022-12-31,Small Business,413779.29,6.41,120,776,NS,18,165754.49,Full-time,0,90
L000365,2023-01-01,Credit Card,68790.58,6.23,24,763,MB,29,48194.95,Part-time,0,0
L000366,2023-01-02,Small Business,170883.83,4.61,12,700,AB,56,162718.88,Self-employed,0,0
L000367,2023-01-03,Auto,373036.59,7.55,24,741,ON,21,184733.34,Self-employed,0,0
L000368,2023-01-04,Small Business,84576.15,5.33,240,589,NB,59,95081.68,Retired,0,30
L000369,2023-01-05,Credit Card,409893.68,8.37,24,791,AB,30,137208.0,Full-time,0,0
L000370,2023-01-06,Mortgage,416906.42,6.3,120,687,BC,51,103124.26,Part-time,0,90
L000371,2023-01-07,Small Business,256196.53,3.26,60,729,NB,59,104420.06,Retired,0,0
L000372,2023-01-08,Mortgage,8161.01,6.56,240,749,ON,38,82763.05,Retired,0,0
L000373,2023-01-09,Auto,147083.88,4.45,12,752,QC,39,159562.04,Full-time,0,0
L000374,2023-01-10,Personal,310378.82,6.62,120,610,MB,74,189150.02,Full-time,0,0
L000375,2023-01-11,Auto,490687.16,2.92,24,741,NB,21,189927.65,Part-time,0,0
L000376,2023-01-12,Small Business,317747.7,3.55,24,554,MB,35,59712.82,Retired,0,0
L000377,2023-01-13,Mortgage,133602.77,7.63,60,786,AB,22,178706.42,Part-time,1,0
L000378,2023-01-14,Mortgage,318832.82,3.86,12,730,SK,36,155363.35,Retired,0,0
L000379,2023-01-15,Credit Card,272292.76,7.52,12,586,ON,19,72982.36,Retired,0,0
L000380,2023-01-16,Mortgage,391023.47,4.18,36,605,QC,29,41438.38,Retired,0,0
L000381,2023-01-17,Credit Card,57955.42,6.36,12,786,ON,34,75559.54,Full-time,0,0
L000382,2023-01-18,Personal,381708.81,6.66,60,746,MB,27,185075.4,Retired,0,0
L000383,2023-01-19,Small Business,272926.96,5.58,36,622,ON,51,137640.37,Retired,0,0
L000384,2023-01-20,Credit Card,481681.04,4.33,36,608,QC,23,152579.29,Retired,1,0
L000385,2023-01-21,Personal,174226.72,3.78,24,789,SK,25,73715.9,Self-employed,0,0
L000386,2023-01-22,Mortgage,318147.84,2.7,24,551,AB,68,152295.99,Full-time,0,0
L000387,2023-01-23,Mortgage,466353.91,4.32,12,737,BC,28,34780.66,Self-employed,0,0
L000388,2023-01-24,Personal,55742.32,6.42,36,579,ON,74,93804.63,Full-time,0,0
L000389,2023-01-25,Mortgage,468928.1,8.13,24,816,NB,29,136548.07,Part-time,0,0
L000390,2023-01-26,Personal,345503.43,7.73,60,657,BC,26,54836.42,Self-employed,0,0
L000391,2023-01-27,Credit Card,38579.34,7.1,24,639,MB,19,169910.61,Part-time,0,0
L000392,2023-01-28,Credit Card,153976.97,7.23,240,754,AB,25,69955.32,Retired,0,0
L000393,2023-01-29,Personal,355545.18,6.49,240,769,NS,28,140887.79,Part-time,0,0
L000394,2023-01-30,Credit Card,38338.55,4.06,24,643,AB,70,98883.51,Part-time,0,90
L000395,2023-01-31,Credit Card,293174.38,7.94,36,652,ON,53,131327.41,Part-time,0,30
L000396,2023-02-01,Credit Card,176212.11,6.52,36,772,NB,27,48266.59,Part-time,0,0
L000397,2023-02-02,Auto,312353.18,5.86,120,735,SK,38,32875.18,Full-time,0,0
L000398,2023-02-03,Small Business,27642.31,3.17,240,733,AB,37,184625.95,Self-employed,0,0
L000399,2023-02-04,Mortgage,436410.72,5.18,60,711,ON,65,75837.1,Full-time,0,0
L000400,2023-02-05,Auto,486877.04,5.26,36,796,ON,25,169345.09,Full-time,0,0
L000401,2023-02-06,Credit Card,484594.54,7.69,12,580,BC,53,199889.55,Full-time,1,0
L000402,2023-02-07,Personal,376077.66,5.78,240,601,AB,46,65943.31,Part-time,0,0
L000403,2023-02-08,Credit Card,69392.69,4.78,60,625,ON,59,75079.03,Full-time,0,60
L000404,2023-02-09,Small Business,380340.28,8.36,60,827,BC,29,142686.16,Self-employed,0,0
L000405,2023-02-10,Credit Card,17170.52,3.16,36,589,NB,31,194126.27,Full-time,0,0
L000406,2023-02-11,Personal,15951.16,5.04,60,650,QC,65,185688.44,Retired,0,0
L000407,2023-02-12,Small Business,165187.06,2.75,36,660,NB,71,115488.84,Part-time,0,0
L000408,2023-02-13,Credit Card,246878.38,6.94,24,798,NS,67,165168.75,Retired,0,0
L000409,2023-02-14,Small Business,386351.67,8.01,240,740,BC,38,53076.8,Self-employed,0,0
L000410,2023-02-15,Mortgage,343231.21,4.18,120,731,BC,39,196164.49,Self-employed,0,0
L000411,2023-02-16,Mortgage,225721.84,7.65,24,758,ON,38,193940.05,Self-employed,0,0
L000412,2023-02-17,Credit Card,140445.2,4.25,240,571,MB,61,57833.92,Self-employed,0,0
L000413,2023-02-18,Small Business,498576.63,7.96,36,715,MB,67,80901.93,Full-time,0,0
L000414,2023-02-19,Personal,215959.74,7.02,240,648,SK,47,47026.35,Part-time,0,0
L000415,2023-02-20,Credit Card,228436.58,7.33,36,757,MB,56,76191.99,Self-employed,0,0
L000416,2023-02-21,Mortgage,85993.79,2.61,24,557,BC,37,168712.48,Retired,0,0
L000417,2023-02-22,Mortgage,398430.73,8.28,12,739,SK,41,94313.65,Self-employed,0,0
L000418,2023-02-23,Credit Card,348372.7,6.86,12,724,NB,40,45027.48,Part-time,0,0
L000419,2023-02-24,Small Business,114280.96,4.33,240,822,ON,24,88178.34,Retired,0,0
L000420,2023-02-25,Mortgage,45778.62,7.48,12,566,NB,26,196835.17,Retired,0,0
L000421,2023-02-26,Small Business,341847.15,4.19,36,639,AB,18,137046.21,Retired,0,0
L000422,2023-02-27,Mortgage,328983.05,7.74,60,690,NS,43,100747.36,Full-time,0,0
L000423,2023-02-28,Mortgage,140263.47,3.18,36,694,NS,55,58311.55,Self-employed,1,0
L000424,2023-03-01,Auto,475677.46,6.72,60,715,BC,55,197650.06,Full-time,0,0
L000425,2023-03-02,Mortgage,79773.66,5.74,24,627,BC,71,169544.33,Retired,0,0
L000426,2023-03-03,Personal,219005.73,3.08,120,811,SK,61,77851.14,Full-time,0,0
L000427,2023-03-04,Credit Card,472089.88,3.95,60,712,ON,39,41911.68,Full-time,0,0
L000428,2023-03-05,Credit Card,212765.02,2.57,12,563,QC,61,39626.34,Full-time,1,0
L000429,2023-03-06,Small Business,321070.34,5.31,36,788,BC,27,50464.29,Self-employed,0,30
L000430,2023-03-07,Mortgage,201809.23,4.31,24,621,QC,72,128730.66,Retired,0,0
L000431,2023-03-08,Personal,140736.53,6.09,12,692,NB,23,187889.78,Retired,0,30
L000432,2023-03-09,Small Business,492068.94,4.28,24,832,QC,34,114446.38,Self-employed,0,0
L000433,2023-03-10,Auto,207620.33,4.3,120,818,MB,68,173300.73,Full-time,0,0
L000434,2023-03-11,Small Business,447579.11,6.96,36,790,ON,67,105800.73,Full-time,0,0
L000435,2023-03-12,Small Business,118827.53,2.79,240,794,NS,55,150459.2,Part-time,0,0
L000436,2023-03-13,Mortgage,110486.83,7.92,36,712,NS,41,154418.37,Part-time,0,0
L000437,2023-03-14,Auto,20411.37,7.61,120,609,QC,68,59573.83,Part-time,0,0
L000438,2023-03-15,Small Business,327575.08,6.51,36,555,NS,27,91406.73,Self-employed,0,0
L000439,2023-03-16,Personal,187420.54,6.06,240,746,NB,73,138341.37,Retired,0,0
L000440,2023-03-17,Personal,432857.33,7.85,60,607,ON,25,42018.42,Part-time,0,30
L000441,2023-03-18,Credit Card,239238.9,3.61,24,766,MB,38,91461.83,Retired,0,30
L000442,2023-03-19,Auto,484255.75,2.97,240,575,ON,73,120915.91,Retired,0,0
L000443,2023-03-20,Auto,96835.13,3.94,12,554,BC,23,199358.16,Retired,0,0
L000444,2023-03-21,Credit Card,434968.47,7.27,120,569,QC,38,110670.71,Self-employed,0,0
L000445,2023-03-22,Small Business,389415.44,2.71,60,747,ON,74,168729.65,Self-employed,1,0
L000446,2023-03-23,Auto,386606.31,6.0,12,608,NB,56,103451.44,Self-employed,0,0
L000447,2023-03-24,Personal,423167.7,8.47,12,791,NS,41,165386.42,Self-employed,0,0
L000448,2023-03-25,Personal,381706.88,7.63,120,695,AB,50,131220.52,Part-time,0,0
L000449,2023-03-26,Mortgage,314979.06,5.63,60,822,ON,35,180721.23,Full-time,0,60
L000450,2023-03-27,Auto,69966.21,2.88,12,798,QC,73,99860.23,Full-time,0,0
L000451,2023-03-28,Small Business,21100.46,7.49,12,563,MB,45,132731.75,Full-time,0,0
L000452,2023-03-29,Credit Card,460819.68,6.09,60,562,NS,74,137103.18,Part-time,0,0
L000453,2023-03-30,Credit Card,310241.91,3.19,36,593,MB,69,100955.1,Full-time,1,0
L000454,2023-03-31,Small Business,399285.96,3.06,12,568,QC,49,54533.05,Part-time,0,0
L000455,2023-04-01,Mortgage,243353.56,7.96,24,612,NS,29,45905.1,Part-time,0,0
L000456,2023-04-02,Credit Card,63067.55,6.52,60,788,BC,65,32834.16,Part-time,0,0
L000457,2023-04-03,Auto,66966.97,7.48,12,649,NS,59,178500.82,Full-time,0,60
L000458,2023-04-04,Mortgage,344354.82,7.77,120,712,BC,44,70200.74,Retired,0,0
L000459,2023-04-05,Auto,218001.42,5.93,240,671,MB,27,65956.15,Full-time,0,0
L000460,2023-04-06,Personal,104259.74,5.6,24,593,MB,63,155126.02,Full-time,0,0
L000461,2023-04-07,Mortgage,248339.3,5.08,240,694,QC,74,84402.74,Self-employed,0,0
L000462,2023-04-08,Credit Card,36783.42,4.4,240,599,BC,69,116027.6,Part-time,1,0
L000463,2023-04-09,Mortgage,293075.84,5.11,12,614,MB,59,57626.88,Retired,0,0
L000464,2023-04-10,Mortgage,138151.74,7.14,24,837,BC,49,193156.77,Self-employed,0,0
L000465,2023-04-11,Mortgage,399791.75,6.11,24,713,MB,59,174768.84,Retired,0,30
L000466,2023-04-12,Mortgage,158629.17,7.86,36,690,NS,43,176844.24,Retired,0,0
L000467,2023-04-13,Auto,230333.97,5.16,240,677,ON,42,99151.54,Part-time,0,0
L000468,2023-04-14,Personal,10752.17,6.14,24,788,NB,28,159601.41,Full-time,0,0
L000469,2023-04-15,Small Business,40861.21,6.29,36,845,AB,40,54458.95,Part-time,0,0
L000470,2023-04-16,Mortgage,199284.31,6.05,60,736,NB,51,31465.23,Part-time,1,0
L000471,2023-04-17,Credit Card,242569.72,6.72,36,757,NS,74,33395.4,Self-employed,0,0
L000472,2023-04-18,Mortgage,302010.17,3.92,120,769,SK,69,129722.3,Part-time,0,0
L000473,2023-04-19,Credit Card,149372.98,5.57,12,739,NB,57,107417.13,Full-time,0,0
L000474,2023-04-20,Auto,349016.03,3.13,60,833,ON,40,118062.61,Retired,0,0
L000475,2023-04-21,Credit Card,430760.59,4.81,60,786,SK,46,31268.73,Part-time,0,0
L000476,2023-04-22,Small Business,391026.24,5.43,120,743,MB,48,101856.73,Retired,0,0
L000477,2023-04-23,Personal,24611.32,6.41,36,836,AB,24,152071.59,Part-time,0,0
L000478,2023-04-24,Credit Card,242850.94,8.2,12,808,AB,57,105257.93,Retired,0,0
L000479,2023-04-25,Credit Card,56940.44,6.1,36,795,MB,50,154477.27,Part-time,0,0
L000480,2023-04-26,Personal,124812.28,6.96,24,685,MB,38,69613.22,Self-employed,0,0
L000481,2023-04-27,Small Business,493397.98,5.54,36,829,BC,19,168234.14,Retired,0,0
L000482,2023-04-28,Mortgage,75535.29,6.3,60,820,MB,35,130033.31,Part-time,0,0
L000483,2023-04-29,Credit Card,251949.64,2.93,12,720,QC,64,65829.73,Part-time,0,0
L000484,2023-04-30,Personal,310987.09,4.03,36,708,NB,50,70242.48,Self-employed,0,0
L000485,2023-05-01,Auto,352720.16,4.67,12,750,MB,54,136765.18,Self-employed,0,0
L000486,2023-05-02,Personal,282026.1,5.33,12,594,QC,51,171089.73,Self-employed,0,0
L000487,2023-05-03,Auto,9836.57,2.77,24,813,MB,37,100656.72,Retired,0,0
L000488,2023-05-04,Small Business,166598.35,3.34,24,620,BC,52,73911.07,Retired,0,0
L000489,2023-05-05,Mortgage,261267.26,4.16,60,652,QC,68,177391.97,Self-employed,0,0
L000490,2023-05-06,Personal,48493.92,8.33,120,674,NB,67,143775.61,Full-time,0,0
L000491,2023-05-07,Credit Card,178560.33,4.49,12,835,ON,71,106174.53,Full-time,0,0
L000492,2023-05-08,Small Business,21435.54,5.39,120,779,QC,35,112943.03,Part-time,0,0
L000493,2023-05-09,Personal,43896.36,3.68,60,695,NS,63,64723.6,Full-time,0,0
L000494,2023-05-10,Credit Card,201477.02,6.16,12,746,BC,41,136556.45,Part-time,0,0
L000495,2023-05-11,Personal,70694.3,4.18,12,770,SK,25,90986.23,Retired,0,0
L000496,2023-05-12,Auto,285932.72,3.74,240,609,NB,47,199259.68,Retired,0,30
L000497,2023-05-13,Personal,346285.16,5.6,120,647,QC,61,111631.2,Full-time,0,0
L000498,2023-05-14,Personal,401290.42,2.53,36,720,NS,70,112600.55,Retired,0,0
L000499,2023-05-15,Personal,104074.37,2.55,24,722,NS,27,126194.8,Self-employed,0,90
L000500,2023-05-16,Small Business,87903.88,3.81,36,700,NB,40,185848.52,Self-employed,1,0
L000501,2023-05-17,Personal,56761.08,2.72,120,671,NB,69,166139.08,Full-time,0,0
L000502,2023-05-18,Credit Card,320032.97,3.15,24,657,NS,66,106692.11,Full-time,0,0
L000503,2023-05-19,Auto,354705.48,4.53,36,553,MB,28,152178.88,Part-time,0,0
L000504,2023-05-20,Auto,20635.14,7.32,240,642,NS,19,129660.03,Retired,0,0
L000505,2023-05-21,Personal,468425.06,5.93,24,555,MB,43,113702.4,Part-time,0,60
L000506,2023-05-22,Small Business,30725.79,5.58,12,837,SK,53,62693.68,Part-time,0,0
L000507,2023-05-23,Small Business,272941.69,4.26,36,655,BC,50,108869.16,Self-employed,0,0
L000508,2023-05-24,Credit Card,355984.96,8.09,24,695,AB,64,71789.16,Self-employed,0,0
L000509,2023-05-25,Personal,436129.72,4.88,240,820,MB,30,185523.17,Self-employed,0,0
L000510,2023-05-26,Auto,358473.03,3.02,24,645,NS,57,87019.16,Self-employed,0,0
L000511,2023-05-27,Small Business,401855.4,6.2,24,778,NS,42,191884.88,Part-time,0,30
L000512,2023-05-28,Personal,173027.85,3.18,240,751,ON,21,120619.4,Self-employed,0,60
L000513,2023-05-29,Small Business,408338.43,4.57,36,761,NS,59,137362.54,Retired,0,0
L000514,2023-05-30,Small Business,44656.85,5.54,60,555,BC,36,122299.88,Self-employed,0,60
L000515,2023-05-31,Auto,447934.24,7.75,36,661,QC,35,51994.7,Self-employed,0,0
L000516,2023-06-01,Mortgage,276058.23,5.46,120,655,QC,54,93889.61,Self-employed,0,0
L000517,2023-06-02,Credit Card,409562.4,6.71,240,688,NS,47,46854.84,Full-time,0,0
L000518,2023-06-03,Credit Card,228897.55,8.46,36,848,ON,36,135902.19,Retired,0,0
L000519,2023-06-04,Auto,323570.96,3.29,24,645,MB,40,105968.61,Retired,0,0
L000520,2023-06-05,Small Business,265569.32,4.15,240,846,BC,71,162257.45,Part-time,0,0
L000521,2023-06-06,Personal,367136.81,4.87,12,763,ON,33,67479.98,Part-time,0,0
L000522,2023-06-07,Small Business,45406.84,5.03,36,840,MB,18,57976.23,Self-employed,0,0
L000523,2023-06-08,Auto,34874.28,4.97,240,571,BC,29,99076.48,Full-time,0,0
L000524,2023-06-09,Credit Card,127316.1,7.95,36,742,NS,41,187519.52,Part-time,0,90
L000525,2023-06-10,Small Business,83974.62,6.78,240,699,QC,51,150771.71,Part-time,0,0
L000526,2023-06-11,Credit Card,436532.87,6.15,24,796,BC,70,101217.02,Self-employed,0,0
L000527,2023-06-12,Personal,113510.92,4.36,12,816,NS,74,117936.27,Self-employed,0,0
L000528,2023-06-13,Credit Card,488053.3,7.44,12,800,SK,25,44316.21,Part-time,0,0
L000529,2023-06-14,Credit Card,171763.42,8.23,120,552,AB,35,197377.9,Part-time,0,0
L000530,2023-06-15,Mortgage,95148.37,7.43,240,625,BC,74,143289.24,Retired,0,0
L000531,2023-06-16,Mortgage,395900.76,2.51,36,636,AB,65,78518.69,Full-time,0,0
L000532,2023-06-17,Mortgage,331060.35,6.32,12,819,BC,22,129587.43,Retired,0,0
L000533,2023-06-18,Credit Card,251606.88,2.81,12,774,AB,43,48612.0,Part-time,0,0
L000534,2023-06-19,Auto,279904.96,4.05,60,567,SK,47,194192.23,Retired,0,0
L000535,2023-06-20,Credit Card,361004.88,2.86,60,662,QC,71,59713.45,Retired,0,0
L000536,2023-06-21,Auto,118085.1,6.12,12,800,NB,30,140165.15,Part-time,0,0
L000537,2023-06-22,Auto,498185.29,6.62,240,782,MB,36,71727.26,Self-employed,0,0
L000538,2023-06-23,Mortgage,487522.62,3.19,120,828,AB,46,151985.44,Part-time,0,0
L000539,2023-06-24,Small Business,326911.21,4.8,12,751,SK,20,162059.63,Self-employed,0,0
L000540,2023-06-25,Personal,103773.51,5.24,24,632,AB,43,144481.35,Part-time,0,90
L000541,2023-06-26,Mortgage,341712.98,4.71,36,674,QC,57,134464.91,Part-time,0,0
L000542,2023-06-27,Mortgage,40738.21,3.23,120,724,AB,29,181719.75,Part-time,0,0
L000543,2023-06-28,Small Business,20172.99,5.01,24,618,SK,19,43366.54,Full-time,0,0
L000544,2023-06-29,Personal,132553.03,7.01,120,596,NS,28,86255.51,Self-employed,0,0
L000545,2023-06-30,Credit Card,233998.36,2.93,24,805,SK,61,72208.87,Full-time,0,0
L000546,2023-07-01,Credit Card,434794.89,2.98,36,764,NB,45,197962.37,Part-time,0,30
L000547,2023-07-02,Mortgage,364948.69,4.63,36,579,NB,35,96196.26,Retired,0,60
L000548,2023-07-03,Personal,372639.73,8.15,60,830,NB,30,154544.16,Full-time,0,0
L000549,2023-07-04,Mortgage,215619.2,6.51,240,786,ON,54,146403.28,Self-employed,0,0
L000550,2023-07-05,Auto,176237.82,6.57,24,797,QC,39,66053.81,Part-time,0,0
L000551,2023-07-06,Mortgage,188664.19,4.67,60,574,NS,29,70629.61,Full-time,0,0
L000552,2023-07-07,Mortgage,493886.53,6.06,24,623,ON,19,77818.38,Retired,0,0
L000553,2023-07-08,Credit Card,24854.05,2.56,60,755,QC,54,99891.64,Full-time,0,0
L000554,2023-07-09,Credit Card,434180.59,6.32,36,643,NS,24,69835.26,Self-employed,0,0
L000555,2023-07-10,Credit Card,291444.33,7.98,120,676,AB,43,33340.75,Full-time,0,0
L000556,2023-07-11,Auto,222114.63,6.18,60,574,NS,43,179496.82,Retired,0,0
L000557,2023-07-12,Credit Card,364002.54,7.74,24,665,SK,41,194153.67,Retired,0,0
L000558,2023-07-13,Personal,245901.13,6.84,24,597,ON,29,88066.97,Self-employed,0,0
L000559,2023-07-14,Small Business,437344.5,3.22,240,775,AB,33,87546.17,Retired,0,0
L000560,2023-07-15,Personal,450847.42,7.91,36,815,SK,40,31205.61,Part-time,0,30
L000561,2023-07-16,Personal,213751.86,2.9,24,648,QC,57,145642.62,Retired,0,0
L000562,2023-07-17,Credit Card,142029.76,5.7,12,560,NS,26,170324.78,Part-time,0,0
L000563,2023-07-18,Small Business,298213.41,3.35,120,634,SK,49,54923.41,Full-time,0,0
L000564,2023-07-19,Small Business,456619.86,2.57,60,763,AB,32,57143.28,Part-time,0,0
L000565,2023-07-20,Small Business,109277.78,5.03,240,722,ON,54,164314.15,Part-time,0,0
L000566,2023-07-21,Auto,313368.46,4.27,120,758,ON,30,134769.43,Full-time,0,0
L000567,2023-07-22,Credit Card,317622.31,5.42,36,613,NB,22,37626.29,Retired,0,60
L000568,2023-07-23,Small Business,367890.95,5.96,240,807,NS,28,135832.99,Part-time,0,0
L000569,2023-07-24,Auto,70126.0,2.76,60,670,SK,27,82516.01,Retired,0,0
L000570,2023-07-25,Mortgage,359333.36,3.24,60,847,NB,69,92683.28,Full-time,0,0
L000571,2023-07-26,Mortgage,454971.1,5.85,12,603,AB,30,160854.34,Self-employed,0,60
L000572,2023-07-27,Auto,93943.14,4.56,36,821,NB,58,167858.98,Retired,0,0
L000573,2023-07-28,Auto,122583.95,6.88,240,790,BC,70,98060.63,Retired,0,60
L000574,2023-07-29,Credit Card,485840.57,6.41,240,792,QC,63,191016.0,Self-employed,0,30
L000575,2023-07-30,Credit Card,94583.59,7.57,24,567,NB,67,99098.66,Self-employed,0,0
L000576,2023-07-31,Mortgage,427920.62,6.65,12,736,QC,32,161212.13,Full-time,0,0
L000577,2023-08-01,Small Business,248677.54,5.08,12,693,AB,59,112259.13,Retired,0,120
L000578,2023-08-02,Mortgage,127379.38,6.54,240,811,BC,73,182580.5,Retired,0,0
L000579,2023-08-03,Small Business,436021.2,4.15,240,788,ON,24,184319.41,Full-time,0,0
L000580,2023-08-04,Small Business,225426.1,4.34,120,847,NS,57,44860.86,Retired,0,0
L000581,2023-08-05,Credit Card,259834.59,7.23,120,625,MB,45,189203.87,Part-time,0,0
L000582,2023-08-06,Personal,182820.52,5.18,120,737,MB,49,170340.92,Part-time,0,0
L000583,2023-08-07,Personal,298510.67,7.29,12,795,NS,52,164522.82,Part-time,0,0
L000584,2023-08-08,Auto,85944.32,7.43,24,679,AB,32,64154.93,Retired,0,0
L000585,2023-08-09,Credit Card,198585.36,7.65,60,832,BC,65,166870.27,Part-time,0,0
L000586,2023-08-10,Small Business,484859.1,8.0,120,628,BC,53,174522.56,Part-time,0,0
L000587,2023-08-11,Personal,132776.05,5.09,24,621,QC,38,79155.56,Full-time,0,30
L000588,2023-08-12,Small Business,330084.65,4.41,36,812,ON,23,191884.21,Full-time,0,0
L000589,2023-08-13,Personal,165969.08,5.99,120,740,SK,18,38476.22,Self-employed,0,0
L000590,2023-08-14,Personal,387869.2,4.73,60,612,NB,21,55484.57,Self-employed,0,0
L000591,2023-08-15,Personal,69782.46,6.11,36,561,BC,28,121388.79,Self-employed,0,0
L000592,2023-08-16,Credit Card,485061.42,6.73,36,690,NS,61,127884.72,Self-employed,0,60
L000593,2023-08-17,Mortgage,229625.82,6.63,60,803,SK,43,139675.51,Full-time,0,0
L000594,2023-08-18,Small Business,121844.98,4.75,120,592,MB,54,32884.75,Full-time,0,0
L000595,2023-08-19,Credit Card,41380.89,3.5,12,566,SK,40,193262.35,Full-time,0,30
L000596,2023-08-20,Credit Card,89030.16,5.08,60,612,ON,46,37579.98,Part-time,0,60
L000597,2023-08-21,Credit Card,262288.1,3.36,60,802,NS,38,54320.53,Part-time,0,0
L000598,2023-08-22,Credit Card,171816.57,7.84,60,841,ON,65,32382.47,Self-employed,0,0
L000599,2023-08-23,Credit Card,415297.27,4.58,36,557,SK,62,126365.93,Part-time,0,0
L000600,2023-08-24,Auto,218289.32,3.43,24,639,NB,62,188485.37,Retired,1,0
L000601,2023-08-25,Small Business,128113.56,2.65,12,757,AB,66,143211.02,Full-time,0,0
L000602,2023-08-26,Credit Card,310486.77,6.37,120,841,BC,44,169851.77,Self-employed,0,0
L000603,2023-08-27,Small Business,354854.72,6.32,120,833,NS,56,32257.8,Self-employed,0,0
L000604,2023-08-28,Auto,87685.74,4.54,24,667,AB,57,122142.6,Retired,0,0
L000605,2023-08-29,Auto,87971.51,2.93,60,724,SK,30,108125.71,Part-time,0,0
L000606,2023-08-30,Small Business,23152.36,4.96,12,625,BC,40,114824.55,Self-employed,0,60
L000607,2023-08-31,Personal,369519.0,4.37,120,650,QC,33,42276.24,Part-time,0,0
L000608,2023-09-01,Mortgage,333583.24,6.56,240,700,AB,47,146354.01,Part-time,0,90
L000609,2023-09-02,Personal,239942.28,6.13,120,819,AB,21,115547.47,Retired,0,120
L000610,2023-09-03,Personal,422864.37,4.69,60,620,SK,57,160075.3,Self-employed,0,0
L000611,2023-09-04,Personal,403806.73,3.81,240,729,MB,33,112499.41,Part-time,0,0
L000612,2023-09-05,Credit Card,294750.41,8.43,24,673,SK,48,55394.88,Part-time,0,0
L000613,2023-09-06,Auto,434794.28,5.22,12,842,AB,70,140203.68,Retired,0,0
L000614,2023-09-07,Personal,106891.4,6.63,24,834,BC,59,59305.68,Retired,0,0
L000615,2023-09-08,Auto,60400.21,3.34,24,744,NB,42,178307.08,Part-time,0,0
L000616,2023-09-09,Small Business,138526.06,5.41,12,777,MB,61,134229.76,Retired,0,90
L000617,2023-09-10,Mortgage,33257.99,2.67,12,824,SK,29,56724.66,Part-time,1,0
L000618,2023-09-11,Small Business,267928.92,5.53,120,655,NB,43,193597.47,Self-employed,1,0
L000619,2023-09-12,Small Business,468619.82,8.28,120,570,NS,54,118122.13,Full-time,0,0
L000620,2023-09-13,Credit Card,24475.05,4.81,12,613,SK,65,42392.74,Retired,0,0
L000621,2023-09-14,Mortgage,65444.41,2.73,240,714,AB,50,136561.59,Full-time,0,30
L000622,2023-09-15,Small Business,228838.52,2.69,36,576,NB,45,73043.81,Part-time,1,0
L000623,2023-09-16,Small Business,467268.13,4.83,120,834,AB,26,166627.89,Part-time,0,0
L000624,2023-09-17,Mortgage,161497.27,3.46,36,697,QC,29,169029.75,Part-time,1,0
L000625,2023-09-18,Mortgage,256081.23,2.64,240,830,NB,22,196421.05,Full-time,0,0
L000626,2023-09-19,Small Business,25578.57,7.04,12,713,NB,71,115317.82,Part-time,0,0
L000627,2023-09-20,Mortgage,78429.88,5.25,240,773,SK,69,107342.67,Retired,0,0
L000628,2023-09-21,Small Business,493381.91,4.24,120,821,AB,71,158090.85,Self-employed,0,0
L000629,2023-09-22,Small Business,482733.75,7.9,24,695,NS,45,52520.01,Self-employed,0,60
L000630,2023-09-23,Credit Card,7445.29,3.2,12,579,ON,73,122975.64,Retired,0,30
L000631,2023-09-24,Personal,476146.83,8.24,60,594,MB,52,122862.09,Self-employed,0,0
L000632,2023-09-25,Small Business,321364.37,4.38,36,824,ON,22,45210.43,Full-time,0,0
L000633,2023-09-26,Auto,434619.56,7.83,240,583,MB,51,101057.29,Part-time,0,0
L000634,2023-09-27,Personal,230096.23,6.12,12,690,NS,63,175058.42,Part-time,0,0
L000635,2023-09-28,Personal,260220.03,7.46,240,770,NB,51,175546.12,Part-time,0,0
L000636,2023-09-29,Personal,246979.06,8.4,12,571,NB,30,46870.4,Full-time,0,0
L000637,2023-09-30,Credit Card,335097.81,4.23,120,729,SK,56,45422.55,Full-time,0,0
L000638,2023-10-01,Small Business,74127.37,8.27,120,780,QC,59,74658.23,Full-time,0,0
L000639,2023-10-02,Credit Card,19836.93,4.84,120,587,AB,62,178710.23,Retired,0,0
L000640,2023-10-03,Small Business,157425.32,4.81,240,619,AB,65,51913.44,Full-time,0,0
L000641,2023-10-04,Credit Card,353816.98,4.54,60,665,AB,31,152399.46,Self-employed,0,0
L000642,2023-10-05,Credit Card,104917.46,5.75,120,788,SK,28,47198.16,Retired,0,0
L000643,2023-10-06,Auto,338349.05,3.42,12,697,MB,59,135933.44,Retired,0,30
L000644,2023-10-07,Credit Card,485106.46,5.82,120,558,NB,55,90531.44,Retired,0,0
L000645,2023-10-08,Mortgage,51480.85,5.75,24,837,NS,21,164115.37,Full-time,0,0
L000646,2023-10-09,Auto,337938.05,7.07,120,599,AB,70,69727.38,Retired,0,0
L000647,2023-10-10,Credit Card,224656.36,7.5,240,554,ON,50,138664.31,Full-time,0,0
L000648,2023-10-11,Personal,434730.42,5.14,60,675,AB,24,70066.03,Full-time,0,0
L000649,2023-10-12,Mortgage,92689.15,4.31,24,624,NB,73,151322.25,Retired,0,0
L000650,2023-10-13,Mortgage,347849.85,4.06,240,714,SK,58,178525.27,Part-time,0,30
L000651,2023-10-14,Mortgage,419867.07,3.67,240,827,NS,25,51556.31,Part-time,0,0
L000652,2023-10-15,Auto,472584.04,2.85,240,849,QC,54,177321.27,Retired,0,30
L000653,2023-10-16,Credit Card,343207.77,4.55,12,839,NS,68,130907.79,Part-time,0,0
L000654,2023-10-17,Credit Card,251101.51,4.12,240,626,ON,27,51608.78,Self-employed,0,0
L000655,2023-10-18,Personal,310834.38,8.3,12,847,AB,60,102682.12,Self-employed,0,0
L000656,2023-10-19,Personal,435107.97,5.85,240,686,AB,74,57346.25,Full-time,1,0
L000657,2023-10-20,Mortgage,287451.82,4.58,36,655,BC,32,149059.14,Part-time,0,0
L000658,2023-10-21,Personal,20041.59,5.98,24,644,MB,55,159007.58,Self-employed,0,0
L000659,2023-10-22,Auto,465819.6,3.34,36,684,ON,32,47985.41,Retired,0,0
L000660,2023-10-23,Credit Card,346315.74,5.16,240,617,BC,22,116043.77,Part-time,0,0
L000661,2023-10-24,Mortgage,339874.13,6.26,24,696,NS,46,168486.26,Self-employed,0,0
L000662,2023-10-25,Personal,111759.2,5.43,24,708,QC,36,189147.72,Self-employed,0,0
L000663,2023-10-26,Auto,331148.31,4.91,60,712,MB,71,117298.04,Retired,1,30
L000664,2023-10-27,Auto,199962.88,8.46,36,738,ON,68,191547.47,Full-time,0,0
L000665,2023-10-28,Personal,327360.32,7.78,60,644,AB,27,121067.12,Retired,0,0
L000666,2023-10-29,Credit Card,57763.55,6.24,24,730,NS,29,97012.38,Full-time,0,0
L000667,2023-10-30,Personal,330633.43,5.92,12,837,ON,71,174194.53,Self-employed,0,0
L000668,2023-10-31,Mortgage,499709.79,6.22,24,736,AB,21,113807.06,Full-time,0,0
L000669,2023-11-01,Personal,28864.96,3.71,60,687,NB,48,110223.43,Self-employed,0,0
L000670,2023-11-02,Auto,488701.22,4.87,36,679,MB,35,113353.12,Self-employed,0,0
L000671,2023-11-03,Personal,206419.44,2.74,240,743,NB,33,173953.45,Part-time,0,0
L000672,2023-11-04,Credit Card,436022.96,5.35,240,822,NB,57,171430.06,Full-time,0,0
L000673,2023-11-05,Small Business,392280.81,5.76,36,693,AB,53,98598.4,Full-time,0,0
L000674,2023-11-06,Personal,285673.05,3.87,240,565,QC,42,86660.98,Full-time,0,30
L000675,2023-11-07,Credit Card,370532.36,8.28,240,794,NS,40,113627.76,Retired,0,0
L000676,2023-11-08,Credit Card,439865.2,7.96,60,656,SK,29,127371.33,Part-time,0,30
L000677,2023-11-09,Auto,205049.46,6.83,36,637,AB,51,70517.33,Part-time,0,0
L000678,2023-11-10,Credit Card,166881.41,5.7,120,678,QC,53,164972.36,Part-time,0,0
L000679,2023-11-11,Credit Card,335458.73,7.72,12,553,SK,54,112702.07,Retired,0,30
L000680,2023-11-12,Credit Card,404883.74,3.28,12,644,NS,20,86787.74,Full-time,0,30
L000681,2023-11-13,Credit Card,382331.14,7.24,240,758,NB,26,48159.57,Full-time,0,0
L000682,2023-11-14,Mortgage,399917.76,3.25,12,774,MB,70,70603.68,Full-time,0,0
L000683,2023-11-15,Mortgage,220613.74,7.27,36,596,MB,35,191377.8,Part-time,0,0
L000684,2023-11-16,Auto,409827.94,4.15,36,730,NS,60,81866.95,Part-time,0,0
L000685,2023-11-17,Personal,64503.48,7.76,24,655,NS,52,58706.08,Self-employed,0,0
L000686,2023-11-18,Credit Card,274522.1,8.16,24,748,ON,74,108314.37,Retired,0,0
L000687,2023-11-19,Personal,7850.54,3.39,12,655,QC,72,82204.92,Retired,0,30
L000688,2023-11-20,Personal,165669.99,5.28,120,829,NB,51,35977.07,Part-time,0,0
L000689,2023-11-21,Auto,186398.46,8.39,24,809,QC,58,84934.69,Self-employed,0,0
L000690,2023-11-22,Credit Card,201105.48,5.4,24,657,NS,31,122498.47,Full-time,0,0
L000691,2023-11-23,Credit Card,349256.27,7.68,36,568,BC,21,123791.1,Part-time,0,0
L000692,2023-11-24,Small Business,197336.26,6.03,120,845,BC,46,90615.02,Retired,0,0
L000693,2023-11-25,Personal,227103.34,4.75,240,720,SK,58,106041.47,Retired,0,0
L000694,2023-11-26,Personal,122584.34,4.21,12,744,SK,62,194138.05,Retired,0,0
L000695,2023-11-27,Mortgage,189759.64,3.72,24,561,BC,67,94149.24,Full-time,0,30
L000696,2023-11-28,Small Business,117498.47,7.07,120,744,NS,32,73898.56,Retired,0,0
L000697,2023-11-29,Mortgage,41231.98,4.82,120,832,NS,45,71389.4,Full-time,0,0
L000698,2023-11-30,Mortgage,303707.05,5.57,12,731,SK,59,107819.98,Full-time,0,0
L000699,2023-12-01,Mortgage,335765.34,5.45,120,693,AB,33,159118.43,Full-time,0,30
L000700,2023-12-02,Auto,311647.72,5.96,120,731,NS,29,65017.99,Part-time,0,0
L000701,2023-12-03,Auto,234429.55,7.69,120,579,BC,69,150580.34,Full-time,0,0
L000702,2023-12-04,Mortgage,192993.96,8.38,24,633,QC,22,33595.47,Self-employed,0,0
L000703,2023-12-05,Small Business,432350.16,4.95,12,715,NS,51,101218.61,Retired,0,0
L000704,2023-12-06,Personal,261945.48,7.47,120,833,NB,59,161897.06,Part-time,0,0
L000705,2023-12-07,Small Business,242195.03,7.09,120,830,NS,18,87584.6,Retired,0,0
L000706,2023-12-08,Credit Card,17692.82,5.94,24,645,AB,56,125835.31,Full-time,0,30
L000707,2023-12-09,Auto,173917.67,8.24,12,815,SK,49,64846.47,Part-time,0,0
L000708,2023-12-10,Personal,193196.83,3.7,36,847,NS,43,156139.22,Self-employed,0,0
L000709,2023-12-11,Personal,202417.28,3.16,24,845,MB,34,38887.45,Full-time,0,0
L000710,2023-12-12,Credit Card,292185.32,7.62,12,774,ON,65,174932.25,Retired,0,0
L000711,2023-12-13,Credit Card,269133.26,5.13,120,591,BC,44,63693.39,Self-employed,1,0
L000712,2023-12-14,Mortgage,305913.02,7.58,12,795,NB,41,178647.67,Full-time,0,0
L000713,2023-12-15,Auto,383617.21,7.86,12,757,NB,52,89929.97,Self-employed,0,0
L000714,2023-12-16,Auto,407427.94,2.87,240,786,NB,63,152856.21,Full-time,0,0
L000715,2023-12-17,Small Business,360470.92,7.8,12,571,MB,59,84268.3,Part-time,0,30
L000716,2023-12-18,Mortgage,477984.23,5.19,36,734,NB,71,184004.98,Full-time,0,0
L000717,2023-12-19,Mortgage,14025.13,5.56,12,791,NB,56,51528.31,Part-time,0,0
L000718,2023-12-20,Mortgage,101910.1,6.26,36,832,SK,43,60348.36,Full-time,0,0
L000719,2023-12-21,Mortgage,8743.62,8.06,120,590,QC,66,113815.12,Full-time,0,0
L000720,2023-12-22,Auto,325499.98,2.61,36,711,ON,55,43929.53,Retired,0,0
L000721,2023-12-23,Auto,449525.12,5.36,120,709,MB,40,63316.63,Self-employed,0,0
L000722,2023-12-24,Mortgage,125523.74,6.63,120,638,ON,39,190440.28,Self-employed,0,30
L000723,2023-12-25,Small Business,463882.1,6.84,36,561,BC,21,196003.24,Self-employed,0,0
L000724,2023-12-26,Personal,34832.36,6.66,24,622,SK,66,93964.09,Full-time,0,30
L000725,2023-12-27,Personal,467545.83,3.31,60,625,NS,26,186958.62,Full-time,0,120
L000726,2023-12-28,Small Business,179053.23,4.3,12,750,QC,21,122620.19,Full-time,0,0
L000727,2023-12-29,Mortgage,55203.31,4.65,240,559,SK,24,75856.22,Part-time,0,0
L000728,2023-12-30,Auto,245506.52,7.33,60,775,ON,40,149407.78,Part-time,0,60
L000729,2023-12-31,Personal,132104.4,4.17,12,725,MB,19,142013.31,Retired,0,60
L000730,2024-01-01,Credit Card,146012.09,3.76,12,825,BC,66,198151.3,Full-time,0,0
L000731,2024-01-02,Credit Card,157108.53,8.24,120,588,BC,41,75058.04,Self-employed,1,0
L000732,2024-01-03,Small Business,402497.82,2.55,12,609,SK,57,144250.12,Self-employed,0,0
L000733,2024-01-04,Mortgage,271884.83,8.49,240,615,NS,72,38844.04,Retired,0,120
L000734,2024-01-05,Personal,159097.31,6.56,12,673,MB,48,49319.83,Self-employed,0,0
L000735,2024-01-06,Mortgage,307115.22,7.47,36,713,NS,64,30666.12,Retired,0,0
L000736,2024-01-07,Personal,359494.58,4.27,60,708,NS,48,199908.32,Full-time,0,0
L000737,2024-01-08,Small Business,139948.88,2.59,36,606,NB,64,166386.53,Self-employed,0,0
L000738,2024-01-09,Small Business,209706.81,6.93,240,627,MB,57,163742.91,Full-time,0,0
L000739,2024-01-10,Credit Card,65333.62,7.5,12,743,ON,65,116653.43,Part-time,0,0
L000740,2024-01-11,Mortgage,94668.93,6.94,240,834,SK,68,81011.4,Self-employed,0,30
L000741,2024-01-12,Credit Card,342153.34,3.36,120,564,SK,60,55714.93,Part-time,0,0
L000742,2024-01-13,Mortgage,94811.98,7.02,36,561,NB,51,78394.71,Self-employed,0,0
L000743,2024-01-14,Credit Card,264955.87,7.11,36,650,AB,72,93915.11,Full-time,0,0
L000744,2024-01-15,Auto,355977.9,6.45,24,705,SK,41,158572.72,Retired,0,0
L000745,2024-01-16,Auto,57904.08,7.1,12,674,BC,66,121742.5,Full-time,0,0
L000746,2024-01-17,Auto,285819.55,7.58,120,829,ON,43,43172.22,Full-time,0,0
L000747,2024-01-18,Auto,131998.58,6.18,36,659,MB,33,33064.93,Full-time,0,0
L000748,2024-01-19,Personal,481648.8,3.03,36,695,SK,74,47396.47,Self-employed,0,0
L000749,2024-01-20,Auto,244355.1,5.43,120,765,ON,64,99784.78,Retired,0,0
L000750,2024-01-21,Small Business,403966.31,2.97,240,711,NB,30,188642.8,Part-time,0,0
L000751,2024-01-22,Small Business,277362.14,4.95,240,677,SK,32,138358.42,Full-time,0,0
L000752,2024-01-23,Personal,26489.2,4.94,12,699,MB,44,166310.4,Self-employed,0,0
L000753,2024-01-24,Auto,318409.93,2.9,24,585,QC,21,109283.68,Part-time,0,0
L000754,2024-01-25,Auto,475944.65,4.59,36,722,MB,33,91483.23,Full-time,0,0
L000755,2024-01-26,Auto,302797.85,3.17,24,571,MB,47,48428.06,Part-time,0,0
L000756,2024-01-27,Credit Card,410498.49,7.35,240,755,MB,61,178908.61,Full-time,0,0
L000757,2024-01-28,Mortgage,442682.2,8.19,240,676,SK,47,163137.2,Part-time,0,0
L000758,2024-01-29,Credit Card,117899.49,2.93,60,766,AB,53,58580.08,Part-time,0,0
L000759,2024-01-30,Mortgage,109962.2,8.23,12,645,MB,20,117084.3,Retired,0,0
L000760,2024-01-31,Auto,307435.59,5.64,60,713,NB,39,112853.72,Retired,0,0
L000761,2024-02-01,Auto,208459.09,4.3,60,697,BC,66,136265.56,Full-time,0,0
L000762,2024-02-02,Credit Card,420731.34,2.96,60,567,BC,39,190851.77,Self-employed,0,0
L000763,2024-02-03,Credit Card,450511.45,5.5,12,843,NB,67,128561.15,Retired,0,0
L000764,2024-02-04,Mortgage,179943.58,7.27,12,744,ON,74,121836.94,Part-time,0,0
L000765,2024-02-05,Small Business,122250.93,6.74,120,700,AB,67,38554.9,Retired,0,0
L000766,2024-02-06,Mortgage,391360.13,2.8,24,672,ON,72,40694.27,Retired,0,0
L000767,2024-02-07,Credit Card,141028.99,2.94,24,736,NB,66,61848.95,Full-time,0,0
L000768,2024-02-08,Credit Card,412194.09,4.92,120,698,BC,29,35520.03,Retired,0,0
L000769,2024-02-09,Personal,214750.44,4.27,120,653,NS,72,156369.99,Retired,0,0
L000770,2024-02-10,Credit Card,335437.2,3.89,240,792,BC,38,152966.15,Part-time,0,0
L000771,2024-02-11,Personal,52289.98,4.19,60,780,QC,73,53129.56,Retired,0,0
L000772,2024-02-12,Small Business,313810.37,7.32,120,755,MB,21,172133.41,Part-time,0,30
L000773,2024-02-13,Mortgage,228625.0,8.08,36,747,NS,48,56313.63,Retired,0,0
L000774,2024-02-14,Mortgage,295371.19,4.93,24,636,BC,61,81199.85,Retired,0,0
L000775,2024-02-15,Personal,88167.03,7.94,120,691,SK,48,72326.07,Self-employed,0,0
L000776,2024-02-16,Mortgage,369752.5,4.43,36,748,SK,40,93292.21,Retired,0,0
L000777,2024-02-17,Credit Card,432084.55,5.36,36,595,ON,71,73292.84,Part-time,0,0
L000778,2024-02-18,Auto,112286.2,3.86,36,837,NS,70,113121.66,Part-time,0,0
L000779,2024-02-19,Personal,52378.7,6.34,240,564,ON,37,99259.34,Full-time,0,0
L000780,2024-02-20,Mortgage,16701.1,8.37,240,593,MB,32,197716.81,Full-time,0,0
L000781,2024-02-21,Personal,322775.89,6.12,36,718,MB,40,39507.48,Self-employed,0,0
L000782,2024-02-22,Personal,305511.55,4.65,240,593,QC,45,54170.83,Part-time,0,0
L000783,2024-02-23,Auto,275615.22,6.39,60,647,NB,33,38980.4,Part-time,0,60
L000784,2024-02-24,Credit Card,119813.81,3.24,36,810,NB,54,136393.0,Part-time,0,0
L000785,2024-02-25,Personal,198498.47,7.83,60,658,AB,38,39266.58,Self-employed,0,0
L000786,2024-02-26,Mortgage,299265.79,5.52,60,832,ON,32,172194.76,Part-time,0,0
L000787,2024-02-27,Small Business,250899.6,5.2,36,653,MB,34,117029.57,Full-time,0,0
L000788,2024-02-28,Personal,493953.83,6.02,24,805,NB,67,119591.3,Self-employed,0,0
L000789,2024-02-29,Personal,72537.68,6.25,36,755,ON,54,125471.07,Full-time,0,0
L000790,2024-03-01,Auto,349096.55,2.93,36,592,MB,30,59038.33,Full-time,1,0
L000791,2024-03-02,Credit Card,205137.79,6.6,240,794,BC,36,63607.35,Self-employed,0,0
L000792,2024-03-03,Small Business,216958.81,3.95,36,836,ON,47,84198.94,Retired,0,0
L000793,2024-03-04,Mortgage,360210.89,6.78,24,822,BC,62,130894.39,Retired,0,0
L000794,2024-03-05,Small Business,347755.89,7.44,240,632,ON,35,65720.02,Full-time,0,0
L000795,2024-03-06,Mortgage,495671.72,7.32,12,659,AB,31,49776.39,Retired,0,0
L000796,2024-03-07,Credit Card,68555.17,5.82,12,739,QC,53,194919.87,Part-time,0,0
L000797,2024-03-08,Mortgage,56534.28,5.62,60,837,SK,53,33736.91,Self-employed,0,0
L000798,2024-03-09,Auto,363547.71,3.36,60,800,NB,37,166458.56,Full-time,0,0
L000799,2024-03-10,Auto,291301.52,7.15,24,761,SK,69,163965.98,Part-time,0,0
L000800,2024-03-11,Auto,140709.53,4.13,120,840,SK,36,80526.4,Retired,0,0
L000801,2024-03-12,Auto,44312.59,5.48,12,682,BC,62,53056.52,Part-time,0,0
L000802,2024-03-13,Small Business,47400.83,4.21,60,750,NS,61,54756.87,Retired,0,0
L000803,2024-03-14,Credit Card,447624.48,3.3,12,834,MB,24,148563.37,Full-time,0,0
L000804,2024-03-15,Mortgage,99974.33,6.28,24,644,SK,74,139277.12,Part-time,0,0
L000805,2024-03-16,Mortgage,165068.92,2.83,24,827,AB,61,163066.76,Self-employed,0,0
L000806,2024-03-17,Auto,117194.92,6.99,120,768,SK,70,189371.8,Full-time,0,0
L000807,2024-03-18,Auto,180723.17,4.41,120,638,ON,21,147627.65,Part-time,1,0
L000808,2024-03-19,Personal,39364.8,2.5,240,621,BC,51,56494.76,Part-time,0,0
L000809,2024-03-20,Credit Card,261934.6,5.57,24,796,NS,19,71385.24,Retired,0,60
L000810,2024-03-21,Small Business,38468.22,2.78,60,678,ON,22,173172.93,Full-time,0,0
L000811,2024-03-22,Mortgage,401176.47,4.16,12,761,NS,72,65582.03,Full-time,0,0
L000812,2024-03-23,Personal,120687.48,6.74,36,645,ON,27,42328.79,Full-time,0,0
L000813,2024-03-24,Personal,272305.9,2.88,120,624,ON,49,149557.61,Full-time,1,30
L000814,2024-03-25,Mortgage,440639.15,7.54,36,603,NB,59,98429.48,Retired,0,0
L000815,2024-03-26,Small Business,327184.3,2.52,60,603,QC,58,186406.81,Self-employed,0,0
L000816,2024-03-27,Personal,268814.1,3.98,120,767,QC,30,140543.36,Full-time,0,0
L000817,2024-03-28,Personal,165545.21,6.95,36,565,MB,56,45371.23,Retired,0,0
L000818,2024-03-29,Credit Card,169835.95,4.4,60,648,BC,22,191135.62,Self-employed,0,0
L000819,2024-03-30,Small Business,336396.04,3.11,12,569,AB,27,73954.73,Self-employed,0,0
L000820,2024-03-31,Personal,497098.98,4.66,60,595,AB,27,87326.12,Retired,0,0
L000821,2024-04-01,Small Business,332610.4,4.12,240,742,AB,55,98384.27,Full-time,0,0
L000822,2024-04-02,Mortgage,281102.79,7.56,120,607,NB,44,38708.13,Self-employed,1,0
L000823,2024-04-03,Auto,366672.0,4.38,24,660,ON,68,114407.62,Full-time,0,0
L000824,2024-04-04,Personal,235276.78,7.23,12,678,QC,38,50964.14,Full-time,0,0
L000825,2024-04-05,Credit Card,34770.46,7.85,36,743,BC,25,98164.96,Part-time,0,0
L000826,2024-04-06,Mortgage,283336.92,5.1,120,557,ON,18,89620.66,Full-time,0,0
L000827,2024-04-07,Small Business,479024.52,7.96,24,578,NS,45,161382.81,Part-time,0,30
L000828,2024-04-08,Mortgage,91774.96,4.76,60,661,QC,66,166538.99,Self-employed,0,0
L000829,2024-04-09,Personal,346552.42,8.28,24,710,QC,56,56080.19,Retired,0,0
L000830,2024-04-10,Small Business,104462.18,3.04,120,680,SK,31,92313.7,Part-time,0,0
L000831,2024-04-11,Auto,270234.7,6.62,120,737,SK,38,93470.04,Retired,0,30
L000832,2024-04-12,Mortgage,52854.84,5.46,240,712,NB,47,55739.78,Self-employed,0,0
L000833,2024-04-13,Personal,227933.61,4.83,240,746,BC,38,165737.1,Full-time,0,0
L000834,2024-04-14,Credit Card,379300.85,6.3,24,753,NS,66,150228.82,Self-employed,0,0
L000835,2024-04-15,Small Business,177047.9,6.72,60,761,BC,26,62364.9,Retired,0,0
L000836,2024-04-16,Mortgage,334131.3,2.53,24,658,BC,34,92342.72,Self-employed,0,0
L000837,2024-04-17,Mortgage,398747.73,3.5,120,825,NB,22,47986.85,Full-time,0,30
L000838,2024-04-18,Auto,463953.02,6.78,120,622,NB,74,136795.12,Self-employed,0,0
L000839,2024-04-19,Auto,121147.83,6.5,36,716,ON,48,50633.23,Full-time,0,0
L000840,2024-04-20,Credit Card,202661.38,8.3,240,809,MB,69,197608.81,Part-time,0,0
L000841,2024-04-21,Credit Card,80445.93,7.07,36,792,NB,57,162715.95,Retired,0,0
L000842,2024-04-22,Personal,496279.33,8.2,12,824,BC,55,96340.55,Full-time,0,0
L000843,2024-04-23,Personal,463865.48,6.72,120,651,SK,60,128355.87,Full-time,0,0
L000844,2024-04-24,Credit Card,272278.78,4.29,36,722,MB,36,184928.11,Self-employed,0,0
L000845,2024-04-25,Credit Card,421806.48,3.13,24,720,ON,53,124196.88,Part-time,0,0
L000846,2024-04-26,Small Business,262874.2,7.19,240,690,MB,67,59664.74,Full-time,0,0
L000847,2024-04-27,Auto,313674.92,6.36,240,737,AB,50,94379.57,Part-time,0,0
L000848,2024-04-28,Personal,49116.59,2.79,60,635,NS,30,173334.63,Part-time,0,90
L000849,2024-04-29,Auto,378858.86,4.66,24,601,MB,31,139516.21,Self-employed,0,0
L000850,2024-04-30,Auto,68218.17,8.24,60,660,BC,73,140623.15,Full-time,0,0
L000851,2024-05-01,Credit Card,413903.48,5.5,36,592,ON,50,177359.65,Self-employed,0,0
L000852,2024-05-02,Small Business,392103.9,5.1,12,760,NS,46,181975.42,Retired,0,0
L000853,2024-05-03,Mortgage,355828.63,5.25,24,749,BC,60,186364.74,Retired,0,0
L000854,2024-05-04,Small Business,22899.39,3.75,24,847,NS,66,46124.36,Full-time,0,0
L000855,2024-05-05,Small Business,155048.54,4.71,24,789,SK,53,122501.42,Part-time,0,0
L000856,2024-05-06,Auto,135240.72,4.72,60,664,AB,61,155886.62,Full-time,0,0
L000857,2024-05-07,Small Business,183267.52,2.81,36,575,SK,27,158677.56,Full-time,0,0
L000858,2024-05-08,Personal,48383.16,7.11,24,848,BC,48,133141.75,Retired,1,0
L000859,2024-05-09,Auto,468794.12,5.0,24,626,BC,23,58353.85,Retired,0,0
L000860,2024-05-10,Personal,279132.11,7.43,240,686,BC,74,165561.49,Part-time,0,0
L000861,2024-05-11,Mortgage,156234.53,7.6,12,569,QC,18,152418.93,Part-time,0,0
L000862,2024-05-12,Auto,201505.85,3.77,240,760,AB,24,44643.08,Full-time,0,0
L000863,2024-05-13,Mortgage,226365.26,6.44,240,789,NS,44,108847.67,Self-employed,0,0
L000864,2024-05-14,Auto,302294.2,5.33,12,588,NB,38,59576.16,Full-time,0,0
L000865,2024-05-15,Credit Card,260261.32,7.78,36,817,BC,45,87371.1,Part-time,0,0
L000866,2024-05-16,Small Business,460099.03,3.79,240,756,BC,33,33073.79,Self-employed,0,0
L000867,2024-05-17,Credit Card,250996.92,6.57,36,816,NS,73,98056.08,Retired,0,60
L000868,2024-05-18,Mortgage,496118.22,6.15,240,703,NB,63,123479.08,Part-time,0,30
L000869,2024-05-19,Small Business,426455.35,4.27,120,591,SK,40,135329.04,Part-time,0,0
L000870,2024-05-20,Auto,108212.7,3.32,12,560,SK,69,142793.36,Self-employed,0,0
L000871,2024-05-21,Small Business,465644.63,6.41,240,843,BC,37,172169.52,Part-time,1,0
L000872,2024-05-22,Personal,62601.37,6.93,120,647,ON,55,66628.69,Part-time,1,0
L000873,2024-05-23,Small Business,409637.61,4.39,60,824,QC,71,50481.91,Part-time,1,0
L000874,2024-05-24,Personal,193408.53,6.37,120,779,SK,42,174761.32,Part-time,0,0
L000875,2024-05-25,Small Business,439597.29,4.87,24,769,ON,45,56624.18,Part-time,1,0
L000876,2024-05-26,Personal,434688.06,6.78,240,614,QC,22,195709.21,Part-time,0,30
L000877,2024-05-27,Mortgage,403933.07,3.7,120,781,BC,73,173231.5,Part-time,0,0
L000878,2024-05-28,Credit Card,396065.07,7.84,36,601,AB,38,115149.02,Part-time,0,0
L000879,2024-05-29,Auto,155816.17,4.22,60,812,MB,35,196841.64,Retired,0,0
L000880,2024-05-30,Small Business,45055.05,4.71,240,816,MB,64,46554.04,Part-time,0,0
L000881,2024-05-31,Credit Card,204475.19,2.85,24,703,BC,23,81521.18,Retired,0,0
L000882,2024-06-01,Auto,90894.63,3.17,120,689,SK,74,138498.15,Retired,0,0
L000883,2024-06-02,Auto,349000.79,5.6,60,600,ON,46,89501.17,Full-time,0,0
L000884,2024-06-03,Personal,176319.36,4.11,240,666,AB,36,187823.33,Full-time,0,0
L000885,2024-06-04,Mortgage,487927.05,7.51,60,595,NS,50,41156.43,Retired,0,0
L000886,2024-06-05,Mortgage,322281.18,2.59,24,637,QC,18,123400.01,Retired,0,0
L000887,2024-06-06,Credit Card,412127.88,4.77,120,757,BC,62,130447.27,Part-time,0,60
L000888,2024-06-07,Mortgage,70599.71,4.52,60,818,AB,20,140963.78,Full-time,0,0
L000889,2024-06-08,Small Business,431697.17,2.62,60,638,NB,59,73463.26,Self-employed,0,90
L000890,2024-06-09,Mortgage,461764.81,3.25,12,667,AB,38,91976.29,Full-time,0,0
L000891,2024-06-10,Credit Card,246095.65,4.98,60,603,SK,52,173425.69,Retired,0,0
L000892,2024-06-11,Mortgage,305095.2,5.46,12,665,NB,58,63140.27,Retired,0,0
L000893,2024-06-12,Small Business,383580.85,4.93,120,667,QC,57,170567.53,Part-time,0,0
L000894,2024-06-13,Personal,91545.12,5.69,240,809,NB,20,125651.42,Part-time,0,30
L000895,2024-06-14,Credit Card,253770.21,6.07,240,624,AB,42,159571.88,Full-time,0,0
L000896,2024-06-15,Personal,202338.2,2.56,120,556,SK,62,151313.25,Part-time,0,0
L000897,2024-06-16,Personal,77455.13,5.28,120,671,NB,55,65276.95,Self-employed,0,0
L000898,2024-06-17,Personal,186929.54,8.28,36,560,ON,62,126698.17,Self-employed,1,0
L000899,2024-06-18,Auto,38745.29,5.61,120,764,SK,72,177512.94,Part-time,0,0
L000900,2024-06-19,Auto,17776.89,6.57,60,828,ON,37,103459.76,Self-employed,0,0
L000901,2024-06-20,Personal,71907.31,4.37,240,577,ON,69,194320.43,Self-employed,0,0
L000902,2024-06-21,Credit Card,481741.98,7.14,24,784,NB,61,106876.57,Full-time,1,0
L000903,2024-06-22,Small Business,277017.12,7.14,240,575,NB,62,54273.56,Self-employed,0,30
L000904,2024-06-23,Small Business,483081.97,5.63,12,603,NS,51,96203.9,Retired,0,0
L000905,2024-06-24,Mortgage,219086.45,8.36,240,578,NS,38,191789.41,Retired,0,0
L000906,2024-06-25,Credit Card,159348.99,3.25,36,713,AB,73,84352.54,Full-time,0,0
L000907,2024-06-26,Auto,255540.22,2.6,120,819,SK,72,177576.69,Part-time,0,0
L000908,2024-06-27,Personal,222558.29,7.12,120,584,NS,65,179812.62,Full-time,0,0
L000909,2024-06-28,Mortgage,57304.02,7.34,240,835,ON,40,89531.71,Part-time,0,0
L000910,2024-06-29,Small Business,322209.03,3.22,24,822,NS,23,44153.8,Part-time,0,0
L000911,2024-06-30,Auto,111938.9,4.09,24,757,QC,68,153174.84,Part-time,0,0
L000912,2024-07-01,Auto,311696.04,2.61,36,787,AB,70,82957.09,Part-time,0,0
L000913,2024-07-02,Personal,326849.54,4.26,12,642,SK,30,163097.01,Part-time,0,0
L000914,2024-07-03,Small Business,80252.3,7.14,240,722,SK,66,105251.32,Full-time,0,0
L000915,2024-07-04,Credit Card,35368.07,5.61,120,628,MB,40,112495.35,Part-time,1,0
L000916,2024-07-05,Auto,391476.99,4.59,240,659,SK,26,162244.6,Self-employed,0,120
L000917,2024-07-06,Personal,232601.21,4.73,36,766,AB,34,95001.77,Self-employed,0,0
L000918,2024-07-07,Credit Card,33791.08,2.51,60,655,QC,19,105331.65,Part-time,0,0
L000919,2024-07-08,Small Business,497458.83,4.3,60,596,SK,36,93952.38,Self-employed,0,0
L000920,2024-07-09,Auto,33601.38,6.38,36,730,MB,36,92447.89,Retired,0,0
L000921,2024-07-10,Credit Card,349042.44,8.35,120,613,AB,73,119410.92,Full-time,0,0
L000922,2024-07-11,Credit Card,491921.07,7.58,36,795,ON,24,167495.91,Full-time,0,0
L000923,2024-07-12,Credit Card,123394.15,2.64,120,793,BC,71,91500.61,Part-time,0,0
L000924,2024-07-13,Auto,75413.44,7.89,24,636,BC,59,119123.3,Part-time,0,0
L000925,2024-07-14,Auto,65085.55,7.2,36,766,ON,59,144023.65,Retired,0,0
L000926,2024-07-15,Mortgage,155121.2,7.18,120,556,NS,37,75804.71,Part-time,0,0
L000927,2024-07-16,Small Business,55017.68,5.25,36,827,SK,26,77178.88,Self-employed,0,0
L000928,2024-07-17,Personal,347619.86,4.89,36,759,NB,34,188680.23,Retired,0,0
L000929,2024-07-18,Credit Card,35834.44,4.32,120,718,BC,44,153000.88,Self-employed,0,0
L000930,2024-07-19,Mortgage,257163.95,2.89,120,687,NS,64,128121.73,Full-time,1,0
L000931,2024-07-20,Personal,498364.94,3.87,12,779,BC,19,140112.41,Self-employed,0,0
L000932,2024-07-21,Mortgage,407915.28,3.98,36,710,ON,53,34980.91,Full-time,0,0
L000933,2024-07-22,Auto,309533.62,5.4,60,550,SK,36,135077.5,Self-employed,0,0
L000934,2024-07-23,Credit Card,156595.54,6.98,36,785,SK,34,116616.51,Full-time,0,120
L000935,2024-07-24,Personal,313828.44,5.34,36,737,NS,22,122777.45,Part-time,0,0
L000936,2024-07-25,Personal,265885.52,2.85,120,553,ON,56,91102.05,Self-employed,0,0
L000937,2024-07-26,Personal,215911.28,8.25,36,681,NS,35,43850.56,Full-time,0,30
L000938,2024-07-27,Personal,69701.64,8.16,240,767,SK,70,62867.67,Self-employed,0,0
L000939,2024-07-28,Personal,443869.09,7.21,36,809,NB,71,191626.6,Retired,0,0
L000940,2024-07-29,Mortgage,227643.4,8.45,240,550,SK,24,99478.93,Part-time,0,0
L000941,2024-07-30,Credit Card,101338.14,5.77,60,620,AB,34,109336.14,Full-time,0,0
L000942,2024-07-31,Auto,187040.88,8.28,120,727,NB,56,38960.66,Retired,0,0
L000943,2024-08-01,Auto,209994.23,2.95,36,738,NS,53,36386.26,Self-employed,0,0
L000944,2024-08-02,Auto,414631.26,4.69,240,840,AB,57,151920.85,Retired,0,0
L000945,2024-08-03,Auto,368139.12,3.85,240,557,ON,62,121476.09,Self-employed,0,0
L000946,2024-08-04,Mortgage,385805.92,3.67,240,802,QC,21,116480.02,Part-time,0,0
L000947,2024-08-05,Small Business,10460.48,3.34,24,841,BC,55,71331.17,Retired,0,60
L000948,2024-08-06,Credit Card,210996.23,6.23,12,793,AB,42,156607.62,Part-time,0,0
L000949,2024-08-07,Personal,243265.36,7.19,60,672,BC,22,58600.22,Full-time,0,0
L000950,2024-08-08,Small Business,14500.18,5.97,36,848,MB,47,62288.91,Self-employed,0,0
L000951,2024-08-09,Auto,133607.54,3.38,24,832,ON,29,108321.07,Self-employed,0,30
L000952,2024-08-10,Small Business,381343.46,7.37,36,581,QC,21,78667.58,Part-time,0,0
L000953,2024-08-11,Credit Card,72869.3,6.32,36,695,MB,41,72068.71,Part-time,0,0
L000954,2024-08-12,Personal,269978.52,4.83,120,705,MB,46,139690.4,Full-time,0,30
L000955,2024-08-13,Personal,111524.93,6.54,120,565,SK,26,140665.2,Retired,0,0
L000956,2024-08-14,Credit Card,10999.78,4.06,120,596,MB,21,170167.9,Self-employed,0,30
L000957,2024-08-15,Credit Card,124394.72,4.57,24,800,ON,68,101010.46,Self-employed,0,0
L000958,2024-08-16,Auto,488057.51,8.0,36,736,AB,41,42424.47,Full-time,0,0
L000959,2024-08-17,Personal,401760.87,4.24,12,580,ON,31,76523.29,Full-time,0,60
L000960,2024-08-18,Small Business,479990.44,5.32,60,809,AB,22,196600.93,Part-time,0,0
L000961,2024-08-19,Mortgage,246487.75,7.84,120,566,MB,35,131363.96,Part-time,0,0
L000962,2024-08-20,Mortgage,59319.42,6.75,120,588,MB,59,150655.3,Retired,0,0
L000963,2024-08-21,Credit Card,276239.95,2.87,36,588,NB,74,31250.83,Full-time,0,30
L000964,2024-08-22,Auto,229916.78,3.38,36,681,QC,36,118094.97,Retired,0,0
L000965,2024-08-23,Mortgage,422956.76,2.55,24,579,AB,29,36379.87,Full-time,0,0
L000966,2024-08-24,Personal,53550.88,6.29,24,707,MB,35,126769.14,Self-employed,0,0
L000967,2024-08-25,Credit Card,246679.36,5.19,120,827,SK,34,186531.04,Full-time,0,0
L000968,2024-08-26,Small Business,79274.09,3.31,36,752,NB,47,194631.25,Full-time,0,0
L000969,2024-08-27,Credit Card,165714.58,8.25,12,615,BC,41,121893.95,Self-employed,0,0
L000970,2024-08-28,Small Business,369991.75,5.68,60,657,NB,28,107894.82,Full-time,0,0
L000971,2024-08-29,Credit Card,240628.97,3.95,36,817,QC,52,190652.91,Retired,0,0
L000972,2024-08-30,Credit Card,191064.7,5.5,36,771,ON,40,144513.67,Part-time,0,0
L000973,2024-08-31,Credit Card,200265.76,6.58,240,841,QC,34,41032.88,Part-time,0,0
L000974,2024-09-01,Small Business,232426.15,2.96,24,567,BC,18,109173.35,Retired,0,0
L000975,2024-09-02,Small Business,393583.19,4.15,60,639,NB,32,70841.65,Self-employed,0,30
L000976,2024-09-03,Credit Card,446581.92,7.34,120,730,AB,49,109866.73,Full-time,0,0
L000977,2024-09-04,Mortgage,477890.67,5.26,36,804,ON,26,107429.15,Retired,0,0
L000978,2024-09-05,Auto,394517.18,5.78,120,802,ON,32,128964.62,Part-time,0,0
L000979,2024-09-06,Auto,161126.41,5.1,36,806,AB,45,90650.98,Part-time,0,0
L000980,2024-09-07,Auto,345626.68,2.76,120,636,NS,41,57925.98,Retired,0,0
L000981,2024-09-08,Small Business,221613.55,3.49,60,639,NS,52,115632.3,Part-time,0,0
L000982,2024-09-09,Small Business,131061.96,5.17,24,786,QC,39,171134.49,Retired,0,0
L000983,2024-09-10,Mortgage,421231.43,3.76,60,619,MB,44,142882.08,Part-time,0,30
L000984,2024-09-11,Auto,24021.04,2.8,240,593,NS,36,87522.54,Retired,0,0
L000985,2024-09-12,Auto,451372.19,7.56,12,749,QC,62,189038.91,Full-time,1,0
L000986,2024-09-13,Credit Card,233431.34,8.39,24,701,NS,29,185075.29,Full-time,0,0
L000987,2024-09-14,Small Business,320414.73,7.26,60,635,BC,37,65589.23,Full-time,0,30
L000988,2024-09-15,Auto,331380.19,7.62,240,568,SK,18,36700.99,Full-time,0,0
L000989,2024-09-16,Mortgage,448083.28,3.95,12,650,MB,38,156022.48,Part-time,0,0
L000990,2024-09-17,Mortgage,320151.49,8.26,240,644,QC,66,170693.74,Self-employed,0,0
L000991,2024-09-18,Auto,308897.12,3.68,36,803,SK,62,194536.98,Retired,0,0
L000992,2024-09-19,Small Business,37992.76,8.21,36,579,SK,18,181272.19,Self-employed,0,0
L000993,2024-09-20,Mortgage,261611.97,8.47,120,798,NB,27,132090.91,Part-time,0,0
L000994,2024-09-21,Credit Card,79333.66,6.77,24,582,NS,64,120108.9,Part-time,0,0
L000995,2024-09-22,Mortgage,370029.72,8.39,36,778,NB,49,34732.98,Self-employed,0,0
L000996,2024-09-23,Personal,258549.85,5.92,240,561,AB,56,71931.6,Self-employed,0,0
L000997,2024-09-24,Personal,341712.75,4.06,24,667,BC,39,108134.51,Part-time,0,0
L000998,2024-09-25,Small Business,25628.09,5.12,36,704,BC,35,136845.66,Part-time,0,0
L000999,2024-09-26,Auto,46972.05,6.06,120,795,BC,65,124732.81,Retired,0,0
